,search,category,contents
0,고혈압,고혈압 > 증상 및 합병증,대부분의 고혈압 환자는 혈압이 심각한 수준까지 올라갈 때조차도 무증상인 경우가 많습니다. 일부 고혈압 초기에 둔한 느낌의 두통이나 어질함  코피 등을 호소하는 경우가 있으나 이는 일반적인 고혈압에서 볼 수 있는 전형적인 증상은 아닙니다. 그러나 혈압이 높은 상태가 장기적으로 지속되면 신체 각 부위에 다양한 합병증이 발생할 수 있으며  이들 중 상당수는 심장발작이나 뇌졸중처럼 치명적인 문제를 발생시킵니다. 바로 이런 이유 때문에 고혈압을 “침묵의 살인자”라고 부르는 것입니다. 고혈압을 잘 조절하지 않을 경우 나타날 수 있는 합병증에는 다음과 같은 것들이 있습니다. 1. 고혈압과 혈관 건강한 동맥은 튼튼하고 탄력성과 유연성을 가지고 있습니다. 그러나 고혈압 상태가 지속되면 혈관에 다음과 같은 변화가 초래됩니다. 1) 동맥경화증  죽상경화증 고혈압으로 인해서 동맥 내의 압력이 높아지게 되면 동맥 내피세포에 변화를 주어 결국 동맥벽이 두껍고 단단해지는데  이를 동맥경화증이라고 합니다. 순환하는 지방과 세포들로 쌓이게 되면 죽상경화증이 시작되어 몸 전체의 동맥들에도 영향을 주게 됩니다. 결국 심장  신장  뇌  팔  다리로 가는 혈류가 원활해지지 못하여 흉통(협심증)  심근경색  심부전  신부전  뇌졸중  말초 동맥 질환  동맥류 등이 생길 수 있습니다. 2) 대동맥류 혈압이 높은 상태로 지속되면  동맥벽의 일부가 늘어나면서 꽈리처럼 동맥류가 만들어질 수 있습니다. 동맥류가 터지면 치명적인 내출혈을 일으키게 됩니다. 동맥류는 우리 몸의 어느 동맥에서건 만들어질 수 있지만 가장 큰 동맥인 대동맥에서 제일 잘 생깁니다. 2. 고혈압과 심장 1) 관상동맥 질환 관상동맥이란 심장의 근육에 혈액을 공급하는 혈관을 말합니다. 동맥경화나 혈전 등에 의해 관상동맥이 좁아지거나 막히게 되면 심장의 혈액공급에 차질이 발생하면서 심한 흉통을 일으키는 협심증을 발생시킬 수 있습니다. 이러한 상태가 심해질 경우 심장 근육이 혈액을 공급받지 못하여 괴사되는 심근경색이 발생할 수도 있습니다. 심장동맥(관상동맥)의 구조 2) 심부전 고혈압으로 인해 계속 심장이 부담을 받게 되면 심장근육은 약해지고 효과적으로 일을 할 수 없게 됩니다. 결국 심장도 지쳐서 기능이 급격히 떨어지게 되며 심장 발작으로 인한 손상이 더해지면 심장 기능이 더욱 저하됩니다. 3) 좌심실 비대 무거운 아령을 들 때 팔의 이두박근이 커지는 것처럼 고혈압은 그 자체로 심장에 부담을 주어 좌심실 비대를 가져옵니다. 심실이 충분히 늘어나지 못하면 그만큼 혈액도 완전히 충만되지 못하고 체내에 필요한 만큼의 혈액을 밖으로 내뿜을 수 없게 됩니다. 이러한 상태는 결국 심장발작  심부전  심장급사 등의 위험도를 증가시킵니다. 3. 고혈압과 뇌질환 1) 일과성 뇌허혈 발작(Transient ischemic attack: TIA) 일과성 뇌허혈 발작이란 아주 짧은 시간 동안 일시적으로 뇌로의 혈액공급이 중단되는 것으로  주로 고혈압으로 인한 죽상경화증이나 혈전에 의해 일어납니다. 이것은 종종 뇌졸중 발생의 위험신호로 볼 수 있으므로 주의를 기울여야 합니다. 2) 뇌졸중(Stroke) 고혈압을 잘 조절 되지 못하는 경우 뇌혈관이 손상되고 약해져  좁아지거나 파열되면서 뇌졸중을 일으킬 수 있습니다. 또한 고혈압은 동맥류를 만들기도 하는데  혈관벽이 부풀어서 파열되면 뇌에 심각한 출혈을 일으키게 됩니다. 3) 치매(Dementia) 치매란 사고  말  인지  기억  시각과 운동기능 상실을 일으키는 뇌의 질환입니다. 특히 혈관성 치매는 뇌에 혈액을 공급해 주는 동맥들이 광범위하게 좁아져 막히거나 혈행 장애로 인한 뇌졸중이 원인이 되어 발생하는데  두 경우 모두 고혈압이 중요하게 작용합니다. 4. 고혈압과 신장 신장은 여분의 체수분과 혈액의 노폐물을 거르고 배출시키는 역할을 하는 장기로  이 과정은 대부분 혈관을 통해 이루어집니다. 그러나 고혈압으로 인해 혈관이 손상을 받으면 결국 신장도 손상을 입어 여러 가지 형태의 신장질환을 일으키게 됩니다. 여기에 당뇨까지 있는 경우 손상은 더욱 가속화됩니다. 5. 고혈압과 눈 우리의 눈에는 매우 가늘고 정교한 혈관을 통해 혈액이 공급됩니다. 다른 혈관들과 마찬가지로 망막혈관 역시 고혈압으로 인한 손상에 매우 취약합니다. 1) 망막혈관 손상 고혈압이 지속되면 눈의 미세한 혈관들이 손상을 입으며  특히 카메라의 필름 역할을 하는 망막의 혈관이 영향을 받아 출혈  미세 동맥류  시신경 부종 등이 발생하는데 이것을 “고혈압성 망막증”이라고 합니다. 고혈압성 망막증이 발생하면 복시  시력소실 등을 일으킬 수 있고  고혈압과 당뇨가 함께 있을 경우 이러한 위험성은 훨씬 더 증가합니다. 2) 시신경 손상 고혈압으로 인해 혈관이 손상을 입고  그 결과 혈액공급이 차단되면 시신경 세포가 파괴되어 시력이 감퇴됩니다. 6. 고혈압과 기타 문제들 1) 성기능 장애(Sexual dysfunction) 발기부전은 남성에서 나이가 들면서 점차 증가하는 흔한 질환이기는 하지만  고혈압 환자에서 더 많이 발생합니다. 그러나 여성에서 고혈압과 성기능 장애와의 관련성에 대해서는 아직 확실하지는 않습니다. 2) 골다공증 고혈압은 소변에서의 칼슘 배설을 증가시켜 골밀도 감소를 일으킬 수 있습니다. 골다공증이 심해지면 골절의 위험성이 커지는데  이는 노년기 여성에서 더 흔합니다. 3) 수면장애 목 주변 근육이 이완되면서 심한 코골이가 나타나는 폐쇄성 수면 무호흡증은 고혈압 환자의 반수 이상에서 나타납니다. 출처 : 질병관리본부  대한의학회
1,고혈압,고혈압성 심장병 > 증상 및 증후,고혈압 자체는 대부분 증상이 없습니다. 따라서 고혈압에 의한 증상이 나타나면 이때는 병이 상당히 진행되었을 가능성이 높습니다. 특히 고혈압성 심장병은 병의 진행 기간  심한 정도와 병의 종류에 따라 증상이 다양하게 나타납니다. 1. 심장비대 협심증 및 뇌졸중과 밀접한 연관관계가 있지만  증상이 전혀 나타나지 않습니다. 2. 심부전 심장 확장 또는 수축기능 장애에 의한 운동성호흡곤란  발작성호흡곤란  좌위호흡  피로  발목부종 및 체중증가  복부통증 등이 생기게 됩니다. 3. 심근허혈 협심증은 가슴중앙에 약 20분 이내(심장혈관이 완전히 막히는 심근경색증은 흉통이 20분 이상 지속됩니다.) 흉통으로  환자들은 ‘압박한다  쥐어짠다  누른다’ 등으로 표현합니다. 통증이 목 또는 왼쪽 팔로 전이되기도 하며  운동이나 등산 시에 흔히 나타나지만 때로는 자다가 또는 술 마신 다음날 새벽에 발생하기도 합니다. 증상이 없는 경우도 10-20% 정도 되는데  특히 노인이나 당뇨병 등이 이에 속합니다. 여자에서는 위의 전형적인 협심증의 증상이 나타나지 않는 경우도 많으며  때로는 가슴 답답함  두근거림  호흡곤란  불안감 같은 갱년기증상과도 구별이 어려울 때가 있습니다. 때로는 오심(구역질)  ‘땀이 난다’  ‘어지럽다’  ‘호흡이 가쁘다’ 같은 증상을 호소하는 경우도 있습니다. 4. 부정맥 가슴 두근거림  의식 소실  협심증  심부전증의 악화 또는 급성심장마비와 같은 증상이 부정맥과 동반하여 나타날 수 있습니다. 출처 : 질병관리본부  대한의학회
2,고혈압,고혈압성 신장병 > 증상,1. 초기 단계 고혈압성 신장병의 초기에는 대부분의 만성 콩팥질환과 마찬가지로 혈압이 높다는 것 이외 별다른 증상이 없는 경우가 대부분입니다. 콩팥은 50%의 기능을 상실할 때까지 별다른 이상 신호를 보내지 않으므로  심각한 상태가 돼서야 발견되는 경우가 많습니다. 그래서 만성 콩팥병을 “침묵의 병”이라고 부르기도 합니다. 고혈압이 있는 것은 알아도 이로 인해 만성 콩팥병이 발생하였다는 사실을 모르는 경우도 흔합니다. 특히 만성 콩팥병 1~2기에는 소변의 농축력이 떨어져서  야간에 배뇨하는 야간뇨 이외에는  자각할만한 별다른 증상이 없습니다. 어느 정도 진행한 후에는 아래 열거한 증세가 나타나므로  유사 증세가 있으면 만성 콩팥 질환을 의심하고 검사를 받아야 합니다. - 만성 콩팥(신장)병을 의심해야 하는 증상들 만성 피로감이나 무력감 식욕 감퇴 집중력이 떨어지고  수면 장애가 발생 밤에 쥐가 남 고혈압 조절이 잘 안됨 눈 주위가 푸석푸석하고  발목이 붓는 부종 적색뇨(붉은 소변)가 보이거나  소변에 비정상적으로 거품이 많은 경우 밤에 일어나 소변을 자주 보게 되는 경우 피부가 건조하고 가려움 다음과 같은 경우 만성 콩팥병의 발생을 예방하기 위해 정기적인 검사가 필요합니다. - 정기적인 검사가 필요한 경우 당뇨병 고혈압 고령 만성 콩팥병의 가족력이 있을 때 2. 진행된 단계 고혈압성 신장병의 초기에는 증상이 없는 경우가 많아서 이미 신기능이 많이 감소되어 있는 제3기 이후에야 진단되는 경우가 많습니다. 이 때에는 신기능 장애로 인한 여러 가지 증상이 나타납니다. 빈혈로 인해 피부가 창백해지며  뼈가 약해지고  구역  구토 등의 위장관계 증상으로 영양 장애가 발생하기도 하며  노폐물의 침착 등으로 피부 가려움증이 나타나고  여러 혈관과 신경 기능 장애가 발생합니다. 하지만 증상 자체가 애매모호한 경우가 많아서 이런 단계에서도 진단받지 못하고 그냥 지내다가 말기 단계에 이르러야 병원을 찾는 환자도 적지 않습니다. 아래 표에 만성 콩팥병의 단계를 표시하였습니다. 이 분류는 숫자로 정확하게 표시하기 어렵고 사구체 여과율의 측정 방법 때문에 논란이 있지만  요즈음 보편적으로 활용하는 분류입니다. ‘단계 0’은 현재는 콩팥 기능이 정상이지만  당뇨병  고혈압  급성신부전의 과거력  고령 등 앞으로 신기능이 저하될 수 있는 위험 인자가 있는 사람을 포함하며  표2에서는 이를 생략하였습니다. 출처 : 질병관리본부  대한의학회
3,고혈압,소아청소년기고혈압 > 증상,1. 원인질환별 소견 일반적으로 고혈압은 관련 장기에 심각한 합병증이 발생한 뒤에 증상이 나타나기 때문에 초기 진단이 어려운 경우가 많습니다. 그러나  이차적인 원인이 있다면 그 원인에 따른 특징적인 진찰 소견을 동반하는 경우도 있습니다. 만일 고혈압을 가진 소아가 맥박이 빠르다면 갑상선기능항진증이나 갈색세포종과 연관이 있을 수 있습니다. 다리의 혈압이 팔보다 낮다면 대동맥 축착증을  성장장애가 있다면 만성 신부전을  비만이 있다면 일차성 고혈압이나 내분비 질환 등을 의심해 볼 수 있습니다. 비교적 흔한 고혈압의 원인 중에  백의성 고혈압(White-coat Hypertension)이 있는데 이는 병원만 오면 혈압이 높아지고 다른 곳에서는 정상혈압인 경우를 말하며 심리적인 요인이 작용합니다. 이런 경우에는 24시간동안 혈압을 측정하는 장치를 이용하여 불필요한 고혈압 치료를 줄일 수 있습니다. 출처 : 질병관리본부  대한의학회
4,치은염,치주염의 증상 및 진단,▶ 증상 및 진단 치주염은 본인이 증상을 느끼지 못하는 경우부터  심한 통증을 느끼는 경우까지 다양한 증상을 가지고 있다. 간단히 알아볼 수 있는 자가 진단 증상은 다음과 같다. (1) 잇몸에 통증을 느껴본 적이 있다. (2) 잇몸에서 피가 난 적이 있다. - 칫솔질 시에 피가 난다. - 딱딱한 음식을 먹을 때 피가 난다. (3) 이 사이가 벌어지는 느낌이 든다. (4) 잇몸이 붓거나 만지면 아픈 적이 있다. (5) 이가 들뜬 느낌이 든 적이 있다. (6) 잇몸이 내려가서 이가 길어 보인다. (7) 구취가 심하게 난다. (8) 잇몸에서 고름이 난 적이 있다. (9) 이가 맞물리는 느낌이 변한 것 같다. (10) 이가 흔들린다. 공단일산병원 치과 김영택 출처 : 국민건강보험공단
5,기관지염,모세기관지염 > 증상 및 임상 경과,1. 증상 초기 2-3일간 일반적인 감기 증상들인 콧물  코막힘  미열  가벼운 기침 등을 보이다가 기침이 심해지면서 천명(음) 현상과 호흡곤란 증상이 나타납니다. 천명(음) 현상은 숨 쉴 때  특히 숨을 내쉴 때 쌕쌕거리는 호흡음이 들리는 것을 말합니다. 이는 세기관지가 염증으로 인해 좁아져 공기의 흐름에 막힘 현상이 있다는 것입니다. 숨을 내쉴 때 더 심하게 들리는 이유는 숨을 들이쉴 때 넓어지고 내쉴 때 좁아지게 되는 기관지의 생리적 특성 상 숨을 내쉴 때 이미 좁아져 있는 기관지의 막힘 현상이 더 뚜렷하게 나타나기 때문입니다. 세기관지염의 초기 증상인 무호흡은 미숙아나 2 개월 미만의 영아들에게 주로 관찰되므로 특히 주의가 필요합니다. 호흡기 증상이 심해질 때면 대개 열은 내리게 되는데 1개월 미만의 어린 영아는 오히려 저체온을 보일 수도 있습니다. 호흡곤란 증상이 점차 진행되면서 호흡수가 빨라지고 심장 박동수도 증가하게 되고 숨쉴 때 코가 심하게 벌렁거리고 갈비뼈 아래 부분이 쑥쑥 들어가는 현상이 관찰될 수도 있습니다. 호흡곤란 증상은 환자의 나이가 어릴수록 더 빠르게 진행하는 양상을 보이며 하루 중에도 오전과 오후의 상태가 다를 수 있습니다. 따라서 비록 오전에 병원을 다녀왔다 하더라도 이후의 경과를 잘 관찰해야 합니다. 다음과 같은 소견이 있을 때는 언제든지 소아과 의사를 찾아 환자의 정확한 상태를 파악해야 합니다. 구토 현상이 동반되는 경우 호흡이 얕고 빠르며 분당 40회를 넘는 경우 입술 주위와 손가락의 푸른 기운 계속 보채거나 또는 지쳐 보이고 잘 놀지 않는 경우 편하게 눕지 못하고 끙끙 앓는 소리를 내는 경우 잘 먹지 못하며 수유를 거부하는 경우 천명과 협착음 2. 임상 경과 세기관지염은 대개 7-10일 정도 경과하면서 회복되나 2-3주까지 증상이 지속되는 경우도 있습니다. 전반적으로 예후가 나쁘지 않으나 심한 증상을 보이는 소아들도 있습니다. 전체 환자 수의 10% 미만이 호흡곤란으로 인해 인공호흡이 필요하고 사망률은 1% 미만입니다. 어린 영아들  또는 천식이나 다른 폐질환을 이미 가지고 있는 소아들은 건강한 소아들에 비해 회복 기간이 더 연장되는 경향을 보입니다. 특히 다음과 같은 건강상의 문제점들을 가지고 있는 어린 소아들은 증상이 매우 심하거나 예후가 나쁠 가능성이 있는 고위험군에 속합니다. 기관지 폐이형성증을 가진 미숙아 선천성 심장병을 가진 소아 선천적 또는 후천적 면역 결핍증을 가진 소아 3. 세기관지염과 천식 RSV 세기관지염을 앓은 후 천명(음)이 자주 재발하거나 천식으로 이행하는 것에 대해 아직 논란이 많습니다. 지금까지 여러 연구 결과들에 의하면 어릴 때 세기관지염을 앓은 소아들에서 천식의 발생 위험이 높다는 보고들이 많이 나와 있습니다. 실제로 바이러스 감염에 의한 세기관지염을 앓고 나서 이것이 원인이 되어 천식이 발생하게 되는 것인지 아니면 소아가 이미 가지고 있는 아토피 체질이나 기관지 자체의 특성 때문인지 아직 확실하지 않습니다. 그러나 유아기에 앓게 되는 RSV 세기관지염이 이후 11세까지 상당히 오랫동안 소아의 폐기능에 영향을 미칠 수 있다는 것은 지금까지의 여러 연구 결과들을 종합해 볼 때 확실하다고 할 수 있습니다. 출처 : 질병관리본부  대한의학회
6,협심증,협심증 > 증상,전형적인 협심증의 증상은 흉부 중앙의 불편한 압박감  가슴이 꽉 찬 느낌 또는 쥐어짜는 느낌이나 흉부의 통증으로 나타날 수 있습니다. 협심증의 전형적인 증상은 빨리 걸을 때  계단을 오를 때  운동할 때  무거운 것을 들 때와 같이 신체의 움직임이 많아질 때 주로 발생됩니다. 앞서 협심증의 종류에서도 언급 했듯이 협심증의 종류에 따라 약간의 차이가 있기는 하지만  협심증의 증상은 주로 가슴 중앙 부위에서 발생하는 심한 흉통이 턱이나 팔 등으로 뻗치기도 하며 호흡곤란이 동반되기도 합니다. 그러나 이러한 흉통은 3∼5분 정도 지속되다가 안정을 하면 사라지곤 합니다. 한편  협심증의 증상은 차가운 날씨  식사 후에 통증이 더 빈번하며 아침 시간에 통증이 더 잘 발생하는 경향이 있습니다. 1. 협심증 발작의 위치 전형적인 경우는 가슴 한가운데가 묵직하고 조이는 듯 하다가 이 증상이 왼쪽 어깨나 왼쪽 팔의 안쪽으로 퍼져나가는 것이 보통입니다. 때로는 오른쪽 어깨 또는 팔·턱·목 얼굴로 가기도 하지만 반드시 그런 것은 아닙니다. 등과 상복부에도 드물게 통증이 나타날 수 있습니다. 2. 발작의 상태 통증이 없이 가슴이 답답하고 무거운 것이 꽉 누르거나 쥐어짜면서 죄는 것처럼 느껴지는 것이 보통입니다. 때로는 왼쪽 눈이 시리고 가슴이 타는 것 같은 느낌을 갖거나 턱이나 이가 아파서 치과를 찾을 수도 있습니다. 3. 발작의 기간 발작은 심장의 근육에 산소공급이 원활하지 못하거나 운동 등으로 더 많은 산소 공급이 필요한 경우에 발생합니다. 발작의 기간은 보통 짧게는 1∼2분  길게는 15분 이내이며 이 이상 지속된 경우에는 큰 관상동맥이 막혀 심근경색이 온 것을 의심해야 합니다. 4. 발작이 오기 쉬운 경우 협심증은 운동이나 활동을 함으로 해서 심장이나 관상동맥의 능력을 초과하는 경우에 발생합니다. 따라서 계단을 올라갈 때  무거운 물건을 들었을 때  재빨리 걸어갈 때 발병하기 쉽습니다. 육체적 과로뿐만 아니라  정신적 긴장이나 흥분 시에도 흔히 발생합니다. 스포츠 중계를 보거나 부부 관계에서 최고의 흥분에 도달해도 흔히 발생합니다. 과식하거나 아침 일찍 갑자기 찬 기후에 노출되거나 큰일을 치르고 과로나 긴장에서 풀어나 휴식을 취할 때도 올 수가 있습니다. 좌측 유방통  식도염  소화성 궤양  심근증 때에도 유사한 증상이 있을 수 있어서 진단에 주의를 요하나 정확한 진찰과 검사를 통해 이를 감별하는 것이 어렵지는 않습니다. 5. 흉통을 느끼면 모두가 협심증인가 ? 협심증의 흉통은 대부분 특징적이나 흉통이 있다고 해서 모두가 협심증으로 오인해서는 안 됩니다. 흉통을 호소하는 사람 중에 상당수는 정서불안이나 신경이 매우 예민해서 증상이 나타나는 경우도 있습니다. 가령 왼쪽 가슴이 수초 동안 바늘로 또는 칼로 찌르듯 아프다든지  수 시간씩 왼쪽 앞가슴이 몇 시간동안 무지근하게 아프든지 왼쪽 팔을 움직이거나 가슴을 굽히거나 펼 때 통증을 느낀다든지  혼자 있을 때 불안해지면서 가슴이 답답하고 조여들지만 일에 열중할 때 없어진다든지 하는 등의 증상은 협심증이 아닌 경우가 많습니다. 협심증에 의한 흉통은 대부분 육체적으로 무리를 하였을 때 나타나며 안정하면 서서히 가라앉는 것이 특징입니다. 그러나 이형성 협심증은 운동으로 유발되는 보통 협심증과는 달리 주로 밤 또는 새벽에 주기적으로 흉통이 발생하며 관상동맥의 경련에 의해 발생합니다. 출처 : 질병관리본부  대한의학회
7,관절염,류마티스 관절염 > 증상,1. 류마티스 관절염의 발현양상에 따른 임상양상 1) 점진적 발현 류마티스 관절염 환자의 55-65%에서는 수 주에서 수 개월에 걸쳐 증상이 서서히 나타납니다. 초기에는 피로감  미열  전신적 근골격계 통증  또는 손가락이 붓는 느낌 등의 모호한 증상이 나타나게 되며  이후 활막염 증상이 뚜렷해집니다. 전형적으로는 대칭적으로 관절을 침범하지만  흔히 한쪽 관절을 침범한 후에 다른 쪽 관절을 침범하는 양상을 보이기도 하는데  이러한 비대칭적 침범도 흔하게 나타날 수 있습니다. 2) 급성 또는 아급성 발현 류마티스 관절염 환자의 8-15% 정도는 수 일 내에 관절염 증상이 최고조에 이르는 급성 발현 양상을 보입니다. 드물게는 특정 행동이나 시간에 증상이 발현되었다고 이야기하는 경우도 있습니다. 급성 발현을 보이는 환자들은 점진적 발현 양상을 보이는 환자에 비해 관절 침범이 비대칭성을 띠는 경우가 많습니다. 이러한 급성 발현을 보이는 환자의 경우 감염성 관절염  통풍  외상성 관절염 등의 질환과 감별하는 것이 중요합니다. 15-20%의 환자들의 경우는 수 주에 걸쳐 증상이 발현되어 아급성 발현으로 구분하기도 합니다. 3) 재발성 류마티즘 양상의 발현 재발성 류마티즘은 1942년 Hench와 Rosenberg에 의해 처음 기술되었는데  통증이 관절 또는 관절 주변 부위에 발생하고 대개 종창과 발적이 동반되며  증상은 수 시간 또는 수 일 이내에 특별한 후유증을 남기지 않고 완전 소실되는 특징을 보입니다. 그리고 이런 통증 발작이 나타나지 않는 기간에는 거의 무증상 상태를 유지합니다. 이 질환의 특징 중에 하나는 관절 및 관절 주변부의 증상이 이동성을 보인다는 것입니다. 또한 이런 재발성 류마티즘 환자 중 많게는 50% 정도가 류마티스 관절염으로 이행하는 것으로 알려져 있습니다. 4) 고령에서 발현 류마티스 관절염의 발생은 60대까지 지속적으로 증가하는 경향을 보입니다. 60세 이상에서 발생한 류마티스 관절염은 일반적으로 류마티스 인자가 적고 피하결절의 발생이 적을 뿐 아니라 젊은 나이에 발생한 환자에 비해 경증의 임상 경과를 취하는 경향을 보입니다. 2. 관절 증상 류마티스 관절염은 지속적인 활막의 염증을 중심으로 관절과 관절 주위 조직의 비가역적 손상을 유발하고  더 나아가서 관절의 변형과 운동장애를 초래하는 전신적 질환입니다. 류마티스 관절염의 관절 및 관절 주변부의 일반적 증상에는 침범된 관절의 강직  운동장애  촉진 시의 압통  그리고 관절 종창 등이 있습니다. 류마티스 관절염은 손  손목  무릎  발  발목 등의 관절을 침범하여 다양한 임상 양상을 나타냅니다. 1) 손목과 손 관절 손목 관절에 만성적 활막염을 유발하게 되고 관절낭과 인대 등의 관절내 구조가 느슨하게 되어 관절의 변형을 초래하기도 합니다. 손가락 관절에서 중수지와 근위지 관절이 흔히 침범되고  중수지 관절낭의 약화는 손가락이 손바닥 방향으로 이동하는 것을 유발할 수 있습니다. 대표적으로 Swan-neck 변형  Boutonniere 변형  Zigzag 변형 등이 손목 및 손가락 관절의 변형을 초래할 수 있습니다. 손바닥과 손등의 힘줄집의 힘줄윤활막염은 통증은 없으나 종창  방아쇠 손가락  힘줄 파열  또는 손목굴 증후군(carpal tunnel syndrome)을 유발할 수 있습니다. 2) 팔꿈치 관절 류마티스 관절염에서 팔꿈치 관절 침범은 손으로 만져질 정도의 활막 증식과 팔꿈치 관절 굴곡 장애가 흔히 동반 되며  관절 안에 활막염이나 활막액이 있는 경우 관절이 완전하게 펴지지 않게 됩니다. 그리고 관절 주위에 팔꿈치머리 윤활낭염과 류마티스 결절이 종종 동반되곤 합니다. 3) 어깨 관절 어깨 관절은 흔히 침범되는 관절의 하나로  주로 압통  야간 통증  운동 제한 등의 증상을 보입니다. 초기에 관절 내 종창을 확인하는 것은 쉬운 일이 아니며  활막염  회전근개의 변성  윤활낭염 등으로 인하여 어깨 관절의 움직임에 장애를 초래합니다. 15년 이상 된 류마티스 관절염 환자의 55%에서 견갑상완관절의 손상을 보입니다. 4) 발목 및 발 관절 발 침범은 주로 중족지관절과 발목 관절에서 가장 빈번히 나타나며  이들 관절의 활막염은 통증 외에 보행에 큰 불편을 초래하게 됩니다. 특히 중족지관절의 활막염에서는 보행 중 발가락의 발등쪽 아탈구와 중족지관절 머리의 발바닥쪽 아탈구가 발생하는데  이는 지면과 접촉이 많은 중족지관절의 발바닥 부위에 굳은살을 형성시키고 심한 경우에는 궤양과 만성적인 피부 누공을 생기게 합니다. 이런 누공에 감염이 되는 경우 수술적 치료가 필요할 수도 있습니다. 5) 무릎 관절 류마티스 관절염에서 무릎 관절 침범은 흔히 나타나고  관절 내의 활막액이나 활막염은 척추 신경의 반사에 의한 대퇴 근육의 위축과 무릎 관절의 운동 장애를 초래합니다. 관절염으로 인한 인대 손상이나 연골 파괴 등은 관절의 안정성을 위협하게 되고 내외반 무릎같은 관절 변형을 유발하게 됩니다. 무릎 관절에서는 관절낭 유래의 베이커 낭종(Baker’s (popliteal) cyst)에 의한 신전부전이 발생하게 되는데  심한 경우 이 낭종은 파열 되어 파열된 낭종에서 나온 활막액이 종아리 근육으로 퍼져 나가 마치 혈전정맥염 같은 임상 소견을 보일 수 있습니다. 이 때 망치뼈 아래의 발목 주위에 보이는 출혈성 초승달 징후(hemorrhagic crescent sign)는 베이커 낭종 파열의 특징적 소견입니다. 6) 척추 관절 류마티스 관절염 환자에서 경추 침범은 환자의 17-86%에서 나타나며  질병의 유병 기간  다발성 관절 침범  류마티스 결절  혈관염 등과 관련성을 보입니다. 경추의 탈구는 장기간 심한 말초 관절염을 앓은 류마티스 관절염에서는 비교적 흔한 소견입니다. 경추 1번과 2번의 아탈구는 2번 경추의 치아돌기와 1번 경추의 앞쪽 활의 거리가 3mm 이상인 경우를 가리키며  10 mm 이상의 경우에는 경추 척수병증의 위험도가 크게 증가합니다. 류마티스 관절염 환자의 경추 신경을 압박할 수 있는 치명적인 부작용은 신경마비  허약감  감각이상  경직성 마비  사지마비  실신  급사 등의 아주 다양한 임상 양상으로 나타날 수 있습니다. 3. 관절 외 증상 류마티스 관절염은 관절 증상 외에도 다양한 관절 외 임상 증상의 발현을 특징으로 하는 전신적 질환입니다. 특히 호흡기계  심혈관계  신경계  그리고 조혈 세포 조직 등 전신적 신체 장기에 침범하여 다양한 임상 양상을 나타냅니다. 여러 연구자들의 연구 결과를 보면 류마티스 관절염의 환자에서 발생되는 관절 외 증상의 유병률이나 발생률은 연구 집단  진단 기준  인종 등에 의해 차이를 보이고 있어 측정하기가 쉽지 않습니다. 하지만 지금까지의 연구 결과를 보면 대체로 유병률은 40.9-76.0%  발생률은 1.7-15.4%로 다양하게 보고하고 있습나다. 류마티스 관절염과 관련된 관절 외 증상들은 주로 심한 임상 경과를 가진 환자에서 특히 빈번히 발생하는 것으로 여겨지고 있습니다. 특히 폐섬유화  아밀로이드증  혈관염과 같은 관절 외 증상들은 류마티스 관절염 환자의 나쁜 예후와 관련이 있습니다. 관절 외 증상을 가진 환자의 사망률이 일반인구 또는 관절 외 증상이 없는 류마티스 관절염 환자에 비해 높은 것으로 알려져 있습니다. 1) 전신 증상 류마티스 관절염 환자의 2/3는 활막염이 나타나기 전에 피로감  전신 허약감  미열  체중 감소  식욕 부진  설명하기 어려운 애매한 근골격계 증상 등을 경험한다고 합니다. 2) 류마티스 결절 류마티스 결절은 류마티스 관절염 환자의 약 20-35%에서 발생하며  주로 류마티스 인자 양성  미란성 골병변  그리고 심한 임상 증상을 보이는 환자에게서 나타납니다. 주로 팔꿈치머리  척골 근위부  팔꿈치 관절  손가락 관절 등의 마찰과 압력에 쉽게 영향을 받는 신근표면에서 흔히 발견됩니다. 드물지만 인두  심장막  심장 판막  흉막  폐  귀  신장 등에서도 발견됩니다. 류마티스 결절은 혈관염이나 보체 활성에 의해 생깁니다. 류마티스 결절에 중심괴사가 진행되어 국소적인 궤양과 감염이 발생할 수 있습니다. 3) 안구 증상 류마티스 관절염에서 안구 침범의 가장 흔한 형태는 건조 각막 결막염이고 환자의 10-35%에서 발생합니다. 주로 안구 건조  작열감  이물감을 호소하며  눈물 생성의 감소와 각막 상피세포의 손상이 나타납니다. 상공막염은 안구 충혈과 안구통을 보이는데  시력에는 영향을 주지 않고 대개 염증은 자연 소실됩니다. 이 상공막염은 류마티스 관절염의 활성도와 관련해서 발생합니다. 반면에 공막염은 안구통을 동반하면서 혈관염  유병기간이 긴 류마티스 관절염  활성도가 높은 관절염을 가진 환자에서 주로 발생하는데  심한 경우 공막연화증으로 진행하여 시력을 잃을 수 있습니다. 류마티스 관절염의 활성도 조절은 상공막염이나 공막염 증상 개선에 도움이 안 될 수도 있습니다. 이외의 안구 증상으로 포도막염  상공막 결절  궤양성 각막염 등이 발생할 수 있습니다. 4) 류마티스 혈관염 류마티스 관절염에서 나타나는 혈관염은 소혈관에서 발생하며  사지  말초 신경  때로는 다른 장기를 침범합니다. 임상적으로는 궤양  손가락 말단 궤사  자반  출혈점 등의 피부 소견들이 주로 나타나고  드물게는 장간막  뇌  관상동맥에서도 나타납니다. 대개 10년 이상 정도로 유병 기간이 길고  류마티스 인자 양성과 결절을 동반한 골미란을 가진 남자에게서 류마티스 혈관염 발생의 위험이 높습니다. 5) 심혈관계 질환 최근에 가장 큰 관심을 끌고 있는 것은 류마티스 관절염 환자의 관상 동맥 질환과 급속히 진행되는 동맥 경화의 문제입니다. 퇴행성 관절염 환자와의 비교에서 류마티스 관절염 환자의 심근경색  울혈성 심부전  그리고 뇌경색의 빈도가 높은 것으로 알려지고 있습니다. 더욱이 위험요인과 무관하게 류마티스 관절염 환자에서 심혈관계 질환의 발생 빈도가 높다고 합니다. 이외에도 심장막 또는 심장 근육의 다양한 침범 소견들이 류마티스 관절염 환자에게서 나타납니다. 심장막염은 부검이나 심초음파에서 흔히 발견되나  대개 임상 증상이 나타나지 않습니다. 류마티스 관절염 환자의 31%에서 심장막액을 심초음파로 확인하였다고 합니다. 심장 근육염 또한 대개는 무증상이지만  류마티스 결절과 염증이 심방실 결절 근처에서 발생하게 되면 완전 심장 전도 차단이 나타날 수 있습니다. 6) 호흡기계 질환 흉막 질환은 류마티스 관절염 환자 부검 결과에서 환자의 73%에서 확인되었습니다. 남성에서 보다 흔하게 발생되며  임상적으로는 증상이 없는 경우가 많습니다. 흉막액이 존재하는 경우 감염  암성질환  심부전과의 관련성을 배제하기 위해 진단적 흉막액 천자가 필요할 수도 있습니다. 폐결절은 대개 무증상이고 전형적으로 류마티스인자 양성 환자 중 피하결절이 동반된 환자에게서 나타납니다. 결절이 괴사되어 자발적 기흉이 발생하는 경우도 있습니다. 일부에서는 결핵과 같은 육아종성 질환이나 암을 감별하기 위해 조직 검사가 필요하기도 합니다. 류마티스 관절염에서 가장 흔한 관절 외 폐증상은 간질성 폐질환입니다. 간질성 폐질환의 위험요인으로는 남성  고단위 류마티스 인자  심한 관절 증상  흡연 등이 있습니다. 간질성 폐질환을 가진 류마티스 관절염 환자는 관절 증상이 선행하고 폐 증상이 동반되는 것으로 알려져 있고  대개 관절 증상이 발생한 5년 내에 간질성 폐질환이 발생합니다. 흉부 컴퓨터 단층 촬영은 간질성 폐질환을 조기 발견하기 위한 일반 흉부 촬영에 비해 10배의 민감도를 가진 검사 방법이며  고해상도 컴퓨터 단층 촬영은 진단율이 좀 더 높습니다. 7) Felty 증후군 유병기간이 긴 류마티스 관절염  백혈구감소증  그리고 비장 비대의 3징후를 가진 경우를 ‘Felty 증후군’이라 합니다. 류마티스 관절염 환자의 1% 미만에서 나타나는 대단히 드문 관절 외 증상입니다. 대부분은 55-65세의 여자 환자로 유병기간이 10-15년 정도로 깁니다. 이런 Felty 증후군을 가진 환자는 대개 류마티스 인자가 높고 다른 관절 외 증상의 발생 빈도가 증가하며  간비대  간기능 이상  불응성 하지 궤양을 호소하는 경우가 많습니다. 이들 환자들의 가장 치명적인 부작용은 감염으로 주요 사망의 원인이 됩니다. 8) 신경계 질환 류마티스 관절염에서 나타나는 신경계 증상은 크게 활막 증식에 의한 신경 압박  혈관염  그리고 감각 또는 감각 운동 신경 장애입니다. 경추의 아탈구에 의한 척추 신경 압박 또는 신경병증이 생길 수 있습니다. 중추 신경계의 혈관염은 극히 드물게 나타나며  전신적 혈관염을 동반한 환자에게서 동반될 수 있습니다. 혈관염은 뇌경색  경련  뇌출혈  연수막염으로 나타날 수 있습니다. 류마티스 관절염 환자의 1/3이 어떤 형태로든 신경병증을 경험합니다. 가장 흔한 신경병증은 손목굴 증후군(carpal tunnel syndrome)으로 손목굴의 정중 신경이 굽힘 건의 힘줄윤활막염에 의해 압박되어 발생합니다. 드물지만  후경골 신경이 눌려서 생기는 발목굴 증후군(tarsal tunnel syndrome)이 있는데  임상적으로는 무증상에서 통증  감각이상  발가락과 발바닥의 작열감을 호소할 수 있습니다. 출처 : 질병관리본부  대한의학회
8,관절염,골관절염 > 원인과 증상,1. 원인 예전에는 골관절염을 노화 현상의 일부로 생각하였으나  최근에는 단순 노화 현상과는 다른 관절 연골의 변화를 보이는 질환으로 생각하고 있습니다. 일차성(특발성) 퇴행성 관절염의 확실한 원인은 밝혀져 있지 않으나 나이  성별  유전적 요소  비만  특정 관절 부위 등이 영향을 주는 것으로 생각되고 있습니다.   이차성(속발(성)) 퇴행성 관절염은 관절 연골에 손상을 줄 수 있는 외상  질병 및 기형이 원인이 되는 것입니다. 세균성 관절염이나 결핵성 관절염 후 관절 연골이 파괴된 경우  심한 충격이나 반복적인 가벼운 외상 후에 발생되는 경우 등이 대표적입니다. 그러나 이차성이라고 진단되어도 원인을 밝히지 못하는 경우가 있을 수 있습니다. 동일 원인에 노출되었다 하더라도 모두 관절염으로 진행하는 것은 아니라서 일차성과 이차성의 구별이 분명한 것은 아닙니다. 골관절염의 원인은 부위별로도 어느 정도 차이를 보일 수 있습니다. 척추의 경우는 직업적으로 반복되는 작업이나 생활 습관 등이 원인이 될 수 있습니다. 엉덩이 관절에 있어서는 무혈성 괴사와 엉덩이 관절 이형성증 혹은 외상이 많은 원인을 차지합니다. 무릎 관절의 경우는 나이  성별(여성) 및 몸무게가 주된 원인 인자로 작용합니다.   발목 관절의 경우 발목 관절의 골절 또는 주변 인대의 손상이 퇴행성 관절염을 유발하는 가장 흔한 원인이 됩니다. 팔꿈치의 관절염은 육체 노동자나 운동 선수들 같이 직업이 원인이 되는 경우가 많습니다. 2. 증상 골관절염에서 가장 흔하고 초기에 호소하는 증상은 관절염이 발생한 관절 부위의 국소적인 통증입니다. 대개 전신적인 증상은 없는 것이 류마티스 관절염과의 차이점 중 하나입니다.   통증은 초기에는 해당 관절을 움직일 때 심해지는 양상을 보이다가 병이 진행되면 움직임 여부에 관계없이 지속적으로 나타나기도 합니다. 관절 운동 범위의 감소  종창(부종  부기)  관절 주위를 눌렀을 때 통증이 발생하는 압통이 나타납니다. 관절 연골의 소실과 변성에 의해 관절면이 불규칙해지면 관절 운동 시 마찰음이 느껴질 수도 있습니다. 이와 같은 증상들은 일반적으로 서서히 진행되며 간혹 증상이 좋아졌다가 나빠지는 간헐적인 경과를 보이기도 합니다.   관절염이 생긴 부위에 따라 특징적인 증상을 보이기도 합니다. 무릎 관절에 발생한 경우 관절 모양의 변형과 함께 걸음걸이의 이상을 보일 수 있습니다. 엉덩이 관절에 발생한 경우는 자세 이상을 관찰할 수 있습니다. 손의 관절염의 경우 손가락 끝 마디에 골극(가시같은 모양으로 덧자라난 뼈)이 형성되기도 합니다. 출처 : 질병관리본부  대한의학회
9,관절염,소아류마티스관절염 > 증상,1. 주요 증상 1) 관절 증상 소아 류마티스 관절염에서 보이는 관절 증상은 수 주 또는 수개월에 걸친 관절 부위의 뻣뻣한 강직 증상과 통증으로 나타납니다. 초기에는 관절이 뻣뻣해지는 것이 특징인데 이는 특히 아침에 자고 일어나거나 오랫동안 움직이지 않고 같은 자세를 취한 후 움직일 때 심하게 나타납니다. 뻣뻣한 증상은 관절을 움직이면 풀어지는데 병이 심할수록 풀어지는데 시간이 걸립니다. 점차 관절에서 통증이 발생하고 관절 부위가 붓고 열이 나며 벌겋게 되는데 이러한 증상들은 날씨가 흐리거나 비오는 날에 더 심하게 나타납니다. 통증은 가만히 있을 때는 없다가 움직일 때  특히 운동 범위가 과도하게 움직일 때 나타나고 관절을 만지면 통증(압통)이 유발되는데 뼈 부위에서 통증이나 압통이 있는 경우에는 악성 종양을 의심할 수 있습니다. 어린이에서 통증은 말보다는 몸으로 표현되기도 하는데 통증을 피할 수 있는 자세를 취하여 절름거리거나 통증이 있는 부위를 전혀 쓰지 않으려는 경향을 보일 수 있습니다. 관절염이 진행되면서 관절 부위의 부종(edema  조직에 수분이 과도하게 축적된 상태)이나 삼출액  비대로 인해 종창이 생길 수 있고 열감이나 발적이 동반될 수 있습니다. 이러한 증상들을 적절히 치료하지 않으면 관절의 연골  뼈  주위 조직이 손상되어 관절 마디가 휘거나 굳어서 관절이 변형되고 관절운동이 제한되게 됩니다. 소아에서는 무릎  발목  손목 관절과 같은 큰 관절에서 관절염이 많이 발생하나 손가락  발가락과 같은 작은 관절에서도 관절염이 발생할 수 있습니다. 턱관절에 관절염이 발생하는 경우 입을 잘 열지 못하며 이통(귀에 일어나는 통증)을 동반할 수 있고  척추에 관절염이 발생하는 경우에는 발생 부위의 통증  강직  운동 장애  그리고 척수를 누르는 경우에는 팔이나 다리가 저리고 마비될 수 있습니다. 2) 관절 외 증상 소아 류마티스 관절염은 관절 증상 이외에도 전신 증상을 같이 수반하는 경우가 많습니다. (1) 발열 전신형에서 나타나는 열은 매우 특징적이어서 매일 한 두 차례씩 39℃ 이상의 고열이 올랐다 내렸다 하고 열이 있을 때는 오한(chill)을 동반하며 매우 심해 보이지만 일단 열이 내리면 멀쩡하게 보입니다. 열은 보통 해열제에는 반응하지 않으며 많은 환자가 스테로이드에만 반응하는 양상을 보입니다. (2) 전신 성장과 발달 이상 소아 류마티스 관절염의 활동기에 성장은 지연되나 치료에 의해 활동성이 억제되거나 관해 시기에(증상이 심해지지 않고 유지되는 시기)는 성장이 가속됩니다. 그러나 장기간 성장이 멈췄거나 지연되었던 소아가 다시 이전 성장 속도로 돌아가는 경우는 드문 것으로 알려져 있습니다. 또한 치료를 위해 스테로이드(프레드니손) 5mg/㎡/day 이상의 용량을 6개월 이상 사용하는 경우에도 성장 지연이 나타납니다. (3) 국소 성장 장애 병의 초기 활동기에 성장 인자 등의 국소생성으로 골화(骨化) 센터의 발달이 가속화되면서 관절염 부위의 뼈가 과도 성장하거나 혹은 뼈끝의 조기 융합으로 더 이상의 성장이 멈추면서 길이의 변화가 나타납니다. 성장판이 닫히기 전에 병이 발생하는 경우 이환(병에 걸림)된 뼈는 결과적으로 짧아지게 되는데 한쪽 무릎에만 관절염이 있는 경우 다리 길이가 다르게 됩니다. 4세 이전에 턱관절 관절염이 있는 경우 소하악증이 생기기 쉽고 한쪽에만 있는 경우 하악골 비대칭으로 턱이 한쪽으로 편향(한쪽으로 치우침)되고 통증  압통(피부를 세게 눌렀을 때에 느끼는 아픔)  턱관절의 마찰음이 나타나게 됩니다. (4) 포도막염 소아 류마티스 관절염의 가장 무서운 합병증의 하나로 서서히 발생하여 통증  충혈  두통  눈부심  시력저하 등의 증상이 나타나게 됩니다. 대부분 관절염 발생 후 5-7년에 나타나고 양측성으로 나타납니다. (5) 피부 증상 피부 발진은 전신형 관절염에서 발열이 있을 때 몸통이나 몸통에서 가까운 사지에 주로 나타나지만 얼굴  손바닥  발바닥에도 생길 수 있는데 가렵지 않으며 이동성이고 수 시간 후에는 흔적도 없이 사라집니다. 피부를 문지르거나 긁음으로써 발진이 나타나게 할 수도 있습니다(Koebner 현상). 류마티스 결절은 다수 관절형에서 주로 볼 수 있는데 딱딱한 몽우리가 주로 팔꿈치  머리나 압력을 받는 부위의 피부 밑에서 만져지게 되고 움직일 수 있습니다. (6) 림프절 종창 및 비장 종대 전신형에서 주로 볼 수 있습니다. 림프절 종창은 경부 앞쪽  겨드랑이  그리고 서혜부에 대칭적으로 나타나며 장간막 림프절 종대는 복통과 복부 팽만을 일으켜 급성 복부질환으로 오인되기도 합니다. (7) 심낭염 나이가 많은 전신형 환자에서 잘 발생하며 대개는 병의 악화와 동반되나 심낭염이 있다고 하여 예후가 나쁜 것은 아닙니다. 2. 발병형에 따른 임상 증상 관절염에 더하여 39℃ 이상의 고열이 2주 이상 나타난 경우 전신형으로 분류하고 발병 후 3-6개월 동안 관절염이 4개 이하에서 있는 경우 소수 관절형  5개 이상에서 나타난 경우 다수 관절형으로 분류하는데 이때 손  발  경추의 관절은 각 1개로 간주합니다. 1) 전신형 관절 증상이 나타나기 수주 또는 수개월 전에 고열  발진  림프절 종대  간비종대 등과 같은 전신 증상이 나타나는 경우가 많습니다. 관절염 증상은 다수 관절형이 동반되며 전신발육장애가 나타날 수 있고 특히 키가 크지 않거나 이차 성징 발현이 늦는 경우가 많습니다. 2) 소수 관절형 소아 류마티스 관절염 중 가장 흔하고 가장 양성의 경과를 취하는 형입니다. 무릎  발목  손목 같은 큰 관절을 4개 이하 대개 비대칭으로 침범합니다. 소수 관절형은 다시 I형과 II형으로 구분되는데  I형은 여아에서 잘 오고 대개 4세 이전에 시작되며 검사상 류마티스 인자는 음성이나 90%에서 항핵항체 양성을 보입니다. 합병증으로 눈의 포도막염이 발생할 수 있고  이로 인해 실명할 수 있으므로 정기적인 안과 검진이 필요합니다. II형은 주로 남아에서 오고 대개 8세 이후에 나타나며 검사상 류마티스 인자 음성  항핵항체 음성을 보이나 75%에서 HLA-B27 유전자 양성을 보이고 성인이 되면 강직성 척추염으로 진행될 가능성이 높습니다. 10-20%의 환자에서 급성 눈 합병증이 발생하나 저절로 잘 낫는 경우가 많습니다. 3) 다수 관절형 5개 이상의 관절이 일반적으로 대칭적으로 침범되는 형으로 여아에서 잘 발생합니다. 무릎  발목  팔목 같은 큰 관절 뿐 아니라 손발의 작은 관절까지 여러 관절이 뻣뻣해지고 아프고 붓는데 특히 이러한 증상은 아침에 심하게 느껴집니다. 경추가 침범되면 목이 뻣뻣해지고 턱관절이 침범되면 입을 열지 못하며 귀 통증을 일으켜 귓병으로 오인되는 경우도 있습니다. 다수 관절형은 다시 류마티스 인자 양성인 군과 음성인 군으로 나누는데 류마티스 인자 양성인 군은 소아 후기에 발병하고 류마티스 결절이 흔히 동반되며 관절염 증상도 심하고 만성 경과를 밟게 되는데 류마티스 결절이 있는 경우 나쁜 예후를 의미합니다. 출처 : 질병관리본부  대한의학회
10,당뇨병,당뇨병성 족부병증 > 위험인자 및 증상,1. 당뇨병성 신경병증 당뇨병성 신경병증은 통증이나 차갑고 뜨거운 감각을 느끼는 감각신경에 이상이 생긴 경우  발가락 근육을 통해 발의 움직임을 조절하는 운동신경에 이상이 생긴 경우  땀 분비나 혈관의 수축 및 확장 등을 조절하는 자율신경에 이상이 생긴 경우로 나눌 수 있습니다. 1) 감각신경 손상 감각신경에 이상이 생길 경우 칼로 찌르는 듯한 통증  저림  화끈거림  따끔따끔함  조임 등의 증상이 생길 수 있습니다. 이러한 증상은 특징적으로 양쪽 발에서 같이 나타나며  낮 동안에는 잘 느끼지 못하다가 저녁에 쉴 때나 자는 동안에 증상이 심해집니다. 이렇게 여러 가지 불편한 증상이 생기는 경우 외에도 통증이나 냉온 감각을 느끼지 못하게 되는 경우가 있습니다. 감각이 저하되면 이물질에 의한 상처나 발에 맞지 않는 꽉 끼는 신발 등으로 인한 압력을 잘 느끼지 못하기 때문에  발에 상처가 생기기 쉽고 상처를 발견하는 것이 늦어지게 됩니다. 2) 운동신경 손상 운동신경에 이상이 생기면 발의 작은 근육들의 작용에 문제가 생겨 발 모양이 변하게 됩니다(예: 갈퀴발). 발 모양이 변하면 갈퀴 발가락의 등 부위나 발가락 끝  엄지발가락 아래 발허리뼈머리(중족골두) 부위 등에 지속적으로 압력을 받게 됩니다. 같은 부위에 계속해서 압력을 받으면 굳은살이 생기고 그 아래에서 출혈이 생기며  피부조직이 파괴되어 결국 궤양이 생기게 됩니다. 발바닥에 굳은살이 있는 경우  없는 경우와 비교해 발 궤양이 생길 위험성이 11배 정도 높습니다. 3) 자율신경 손상 당뇨병성 신경병증은 자율신경에도 이상을 일으킬 수 있습니다. 자율신경은 우리가 의식하지 못하는 사이에 일어나는 여러 가지 신체활동  즉 땀 분비  심장 박동이나 혈압  혈관의 수축이나 확장을 조절하는 역할을 합니다. 자율신경이 손상되면 발에 땀이 잘 나지 않아 피부가 건조해지고 갈라지며  갈라진 피부 사이로 세균이 침투할 수 있는 원인이 될 수 있습니다. 세균 감염이 생기면 피부에만 염증을 일으키는 경우도 있지만  피하조직  근육  뼈와 같이 깊은 부위까지 세균이 침투하여(심부감염) 심각한 감염증을 유발하기도 합니다. 감염증이 생기면 감염 부위가 붓고 붉어지며  열감이 생기고 눌렀을 때 통증이 있습니다. 때로는 감염 부위에서 농성 분비물이 나오기도 합니다. 전신적인 고열이 생기는 경우는 흔하지 않으나  감염이 아주 심한 경우에는 고열과 오한이 생기기도 합니다. 또한  자율신경이 손상되면 온도 변화에 따른 피부혈관 반응에도 이상이 생길 수 있으며  발의 정맥 확장과 이로 인한 혈액 흐름 지연으로 상처 치유가 지연될 수 있습니다. 2. 말초 혈관질환 말초혈관질환 역시 발 궤양의 원인이 될 수 있습니다. 발 궤양을 가진 당뇨병 환자의 약 1/3이 말초혈관질환을 가지고 있습니다. 당뇨병 환자에게 동반되는 말초혈관질환은 무릎 동맥 아래 부위의 가는 동맥에 생기며  당뇨병이 없는 사람에게 생기는 경우와 비교해 훨씬 정도가 심하고  범위가 넓습니다. 말초 혈관질환에 의한 혈액순환 장애가 있을 경우  걸을 때 종아리가 당기고 아프거나 경련 혹은 저린 증상이 생기는데 이것은 쉬면 좋아집니다. 이를 간헐적 파행이라고 부르는데  혈액순환 장애가 심해질수록 점차 짧은 거리를 걸어도 증상이 발생하게 되고 더욱 진행하게 되면 쉴 때도 증상이 나타납니다. 혈액순환 장애가 있는 경우  발과 다리 피부가 창백하고 차가우며  근육이 위축되어 다리가 가늘어지고 털이 빠질 수 있습니다. 심한 경우에는 발가락 끝의 색깔이 검게 변하기도 합니다. 말초 혈관질환이 있으면 상처 부위로의 혈액 공급이 감소하여 영양이나 산소 공급이 줄어들게 되므로  발 궤양이나 감염증이 잘 낫지 않게 됩니다. 당뇨병성 족부병증이 발생할 위험성이 높은 경우를 정리하면 다음 표와 같습니다. 출처 : 질병관리본부  대한의학회
11,당뇨병,당뇨병 > 증상,당뇨병의 증상은 주로 고혈당과 관련되어 나타나며 다뇨증  다음증  체중감소가 특징적이며 간혹 다식증  시력 혼탁이 나타나기도 하나 초기에는 이러한 증상이 나타나지 않는 경우가 대부분입니다. 만성적으로 혈당이 상승되면 발육이 저하되고 감염이 쉽게 발생합니다. 질병이 장기화되면 거대 및 미세 혈관 합병증에 의해 시력 이상  신장기능이상  말초신경염  족부 궤양  자율신경계의 기능이 저하되어 소화기계  비뇨생식계  심혈관계 관련 증상들이 나타날 수 있습니다. 제1형 당뇨병의 경우 주로 10대에서 발생하고 40세 이후에 발생되는 경우는 매우 드뭅니다. 제2형 당뇨병의 발생은 나이가 들어가며 점점 증가하며 65세 이상의 환자들이 45세 이하에 비해 10배 이상 많습니다. 또한 제1형 당뇨병은 주로 급격한 혈당 상승에 의한 증상 및 징후에 의해 진단되지만 제2형 당뇨병은 서서히 시작되기 때문에 정기 검진에서 우연히 발견되는 경우가 많습니다. 출처 : 질병관리본부  대한의학회
12,위염,위염 > 증상,급성 위염의 경우에는 명치부위의 갑작스러운 통증과 구역 및 구토 등이 발생합니다. 이러한 경우에는 대개 증상이 발생하기 전에 약제나 술  상한 음식 등을 먹었던 경우가 많습니다. 만성 위염의 경우는 특징적인 증상이 없습니다. 많은 수의 환자가 소화불량증과 같은 상부 위장관 증상을 호소하므로 임상적으로는 기능성 소화불량증과 혼용해서 사용되는 경우가 많습니다. 소화불량증의 증상으로는 상복부 동통 또는 식후 심와부 그득함  복부 팽만감  조기 포만감  구역 등이 있습니다. 출처 : 질병관리본부  대한의학회
13,십이지장,위십이지장 궤양 > 증상,소화성 궤양의 증상은 환자마다 개인차가 심하고  전형적인 궤양의 증상 없이 비특이적인 복부불편감이나 소화불량을 호소하거나  심지어 전혀 증상이 없는 경우도 많이 관찰됩니다. 또한 합병증의 유무에 따라 그 증상이 매우 다양하게 나타나며  다른 위장 질환에 나타날 수 있는 증상과 흡사한 경우가 많아 증상만 가지고 소화성 궤양을 진단하기는 어렵습니다. 더욱이 우리나라와 일본은 서구에 비하여 위암이 훨씬 호발하기에 과거에 없던 증상이 발생한 경우 위내시경 검사를 통해 반드시 확진을 하여야 합니다. 1. 고전적인 소화성 궤양증상 1) 십이지장 궤양 십이지장궤양의 특징적인 증상은 공복시 타는 듯한 심와부의 동통 또는 불편감이며  환자의 60% 내지 80%에서 발생합니다. 산이 계속 분비되는 식후 2-3시간 후  또는 산의 분비가 제일 많은 밤 11시에서 새벽 2시 사이의 야간에 증상이 심해져서 잠을 깨는 경우가 많고  음식을 먹거나 제산제를 복용하면 증상이 쉽게 사라지는 특징을 갖고 있는데  매우 심한 증상은 대개의 경우 일시적이며  병발되는 복부불편감이 30분에서 2시간 정도 지속됩니다. 심장질환  식도질환  췌장질환  담도질환 그리고 다른 장질환도 심와부 동통을 일으키므로 이들 질환과 감별해야 하는데 십이지장 궤양의 통증은 위에서 말한 특징을 가지며  대개 타는 듯하고  쪼아내는 듯하며  심한 공복감을 느끼지만  심장질환의 경우 통증이 운동으로 인해 유발되며  통증의 강도가 훨씬 심하게 나타날 수 있으니 주의해야 합니다. 2) 위궤양 위궤양과 십이지장 궤양 사이에 특징적인 증상의 차이점은 없습니다. 다만 음식물에 의해 통증이 완화되는 양상은 십이지장 궤양이 있을 때 더 자주 관찰되며  위궤양의 경우에 통증이 십이지장 궤양보다는 덜합니다. 통증의 주기적 리듬도 십이지장 궤양에서 보다 흔하게 나타나며  반면에 체중감소  오심  구토  조기포만감은 위궤양에서 더 흔하게 관찰됩니다. 3) 궤양 증상과 궤양 유무의 연관성 특징적인 증상과 궤양의 유무 사이에 관련성은 높지 않은 편입니다. 즉  궤양의 치유가 증상의 소실을 반드시 보장하지는 않으며  증상이 전혀 없는 환자에서도 궤양이 존재하는데  특히 노인들이나 비스테로이드성 항염증제(NSAID)를 복용하는 환자들에서는 증상이 전혀 없이도 궤양에 의한 합병증이 발생할 수 있습니다. 내시경으로 궤양이 치유된 환자의 약 40%에서 여전히 증상을 호소하고  증상이 없는 환자의 15% 내지 44%에서 내시경으로 궤양을 확인할 수 있습니다. 따라서 증상의 소실이 궤양의 치유는 아니며  증상이 계속 있다고 궤양이 존재한다고도 볼 수 없어 필요하면 반드시 위내시경으로 확인할 필요가 있습니다. 또한 심한 통증으로 야간에 잠을 깨는 증상이 십이지장 궤양 환자의 2/3에서  그리고 위궤양 환자의 1/3에서 관찰되지만  이러한 궤양이 없는 비궤양성 소화불량증 환자의 약 1/3에서도 관찰되는 바  증상만으로 궤양을 진단하기는 매우 어렵다 하겠습니다. 4) 통증의 정도 궤양의 위치  크기  통증에 대한 감수성  장막의 침범 및 합병증의 유무에 따라서 통증의 정도에 차이가 납니다. 같은 크기의 궤양이라면 위체부의 궤양이 위분문부(식도에 가까운 위 상부) 또는 유문부(십이지장으로 넘어가는 위아래 부분)의 궤양에서보다 증상이 덜한 경향이 있습니다. 특히 위유문부의 궤양에서는 십이지장 궤양과 유사하게 증상이 심하며  오심이나 구토 또는 체중감소 등의 증상을 동반하기도 합니다. 일반적으로 궤양의 크기가 큰 경우  위를 싸고 있는 장간막을 뚫고 췌장과 같은 주위조직으로 침범하여 매우 심한 통증을 유발하게 되며  등 뒤로 통증이 전이되기도 합니다. 하지만 통증에 대한 감수성은 환자의 성격이나 시기에 따라 차이가 많기 때문에 일률적으로 말하기 어렵습니다. 또한 궤양이 장간막까지 진행되면 통증이 심해지다가  장천공시에는 지속적으로 심한 통증을 호소하나  궤양의 합병증으로 출혈이 생기면 오히려 통증이 소실되는 경향이 있습니다. 5) 통증의 위치 명치끝에서 배꼽 사이의 2-10cm 부위에서 통증을 느끼는 경우가 많은데  약간 좌측으로 치우친 감이 있습니다. 많은 환자에서 통증의 위치를 정확하게 표현하지 못하는데  그 이유는 궤양통은 내장의 통증으로서 복막이나 피부에 분포하는 신경과 다르게 분포하며 성격이 모호하기 때문입니다. 궤양의 정도가 경미한 경우에는 약 90%에서 정확한 위치를 느끼지 못하고 상복부 주위로 막연하게 느끼는 경우가 많으며  비교적 큰 궤양 환자에서는 50% 정도에서 일정하게 국한된 부위의 통증을 느낍니다. 십이지장 궤양에 비해서 위궤양의 경우에는 통증의 정도가 약하면서 위치 또한 불분명한 경향이 있으나  천공과 같은 합병증이 발생되면 90% 이상에서 상복부에 국한된 통증이 나타납니다. 간혹 명치의 앞쪽  가운데 흉부의 통증을 호소하기도 하여 협심증 또는 역류성 식도염과의 감별이 필요하기도 하는데 십이지장 후구부에서 궤양이 발생할 경우 배꼽 주위에서 통증이 유발될 수 있습니다. 궤양이 진행되어 장간막 내지는 주위조직으로 침범되면  초기에 심와부에 국한되던 통증이 등 뒤로 전이되므로 심와부 이외의 부위  특히 등 뒤나 양측 옆구리로 통증이 전이되면 합병증의 유무를 꼭 확인하여야 하겠습니다. 6) 주기적인 리듬 소화성 궤양의 특징적인 소견 중의 하나는 음식섭취 및 위배출에 따라서 통증이 나타났다가 저절로 소실되는 등의 주기적인 리듬을 갖는다는 것입니다. 즉  위궤양 환자의 전형적인 통증의 리듬은 음식을 섭취하면 잠시 동안 통증 없이 편하다가 이후 30분 내지 1시간 정도 통증이 지속되고  음식물이 위로부터 십이지장 내로 배출되면 통증이 소실된다는 것입니다. 이에 비해 십이지장 궤양 환자는 음식 섭취 후 1시간 30분 내지 4시간 동안 편안하다가 이후 통증이 시작되어 다음 음식을 먹을 때까지 통증이 지속되는 특징을 지닙니다. 통증의 주기적인 리듬은 환자의 상태에 따라 변화가 많으며  위궤양보다는 십이지장 궤양에서 더 흔히 관찰됩니다. 또한 위궤양 환자의 약 20%  십이지장 궤양 환자의 10-40%에서는 음식 섭취 후 오히려 통증이 증가되기도 합니다. 전형적인 음식섭취에 따른 주기적인 궤양통이 변화되면 합병증이 발생하였을 가능성을 생각하여야 하는데  예를 들면 유문부 협착이 생겼을 때에는 궤양통이 소실되며  장간막으로 궤양이 진행되고  천공이 되면 주기적인 통증이 아니고 계속해서 심하게 통증을 느끼게 되는 양상을 띱니다. 2. 소화성 궤양의 기타 증상 1) 오심 및 구토 합병증을 동반하지 않은 위궤양 환자에서는 오심 및 구토를 호소하는 환자가 많지 않으나  음주를 하거나 음식에 따라서 궤양통 없이도 오심 및 구토만 나타날 수 있습니다. 활동기 궤양 초기에 주로 구토가 생기며  유문부와 위전정부의 궤양에서 구토증상이 잘 나타납니다. 유문부의 협착이 없다 하더라도 위하부  십이지장 근처에 생긴 궤양으로 부종과 근육의 강직이 심한 경우에 궤양통과 함께 오심과 구토가 생길 수 있으며  위액분비가 많은 환자에서는 주로 밤에 구토가 일어나서 잠을 깨는 경우가 있습니다. 2) 공복감과 식욕감퇴 십이지장 궤양 환자의 20%에서는 공복감으로 식욕이 증가하는 경우가 있으나  약 1/3에서는 식욕이 감퇴되며  위궤양 환자에서는 반수 정도가 식욕감퇴를 호소합니다. 양성 위궤양으로 확진된 환자에서 유문부 협착증이 발생하면 식욕이 좋다가 점차 떨어지는 경향이 있고  위암의 경우 식욕감퇴가 현저하므로 유난히 식욕이 떨어지는 환자에서는 감별진단이 필요하다 하겠습니다. 3) 소화불량 합병증을 동반하지 않고 비교적 정도가 심하지 않은 위궤양 환자에서는 심한 소화불량증세를 호소하지 않지만 상복부 불쾌감  상복부 압박감  더부룩한 느낌  명치 밑에 뭔가 매달리는 듯한 증상  트림 등의 가벼운 소화불량증세는 비교적 많은 환자에서 볼 수 있습니다. 과민성 장증후군의 양상을 동반하는 수가 많으므로 변비와 설사 등의 대장증세가 동반되기도 하며  가슴앓이 증상이 십이지장 궤양 환자의 20% 내지 60%에서 발생되는데  위산의 증가와 위산에 대한 내장 감작 (sensitization)이 관련되는 것으로 생각됩니다. 4) 체중감소와 같은 전신증상 대부분의 소화성궤양 환자에서는 체중감소가 일어나지 않지만 장기간 구역질과 구토가 있거나  출혈 및 유문부 협착과 같은 합병증이 생기고  음식을 먹으면 불편한 증세가 나타나거나 거북하여 음식섭취를 줄이면 체중이 감소하게 됩니다. 취침시에 통증으로 숙면을 하지 못하고 자주 깨는 경우에 신경이 날카로워지고 식욕이 떨어지며  체중이 감소할 수 있겠습니다. 3. 궤양 합병증의 증상 비스테로이드성 항염증제 사용의 경우는 다소 다르지만 합병증은 만성 소화성 궤양 자체와 관계되고  합병증이 일어난 경우 증상이 갑작스럽게 변화하는 경우가 대부분입니다. 침투성(penetrating) 궤양으로 발전한 경우에는 모호한 내장 통증에서 좀 더 국소적이고 심한 통증이 등으로 방사되고  음식물이나 제산제에 의해 통증이 완화되지 않으며  통증의 주기적 리듬이 소실됩니다. 심한 통증이 배 전체로 퍼지면 천공성 궤양을 의심할 수 있고  유문부 폐쇄의 대부분의 경우에서 구토가 나타나며  출혈은 오심  토혈  흑색변 또는 어지러움 등의 증상으로 나타납니다. 4. 무증상 궤양 노인이나 비스테로이드성 항염증제 복용자들에서는 전혀 증상 없이 궤양이 발생할 수 있으며  특히 진통소염제 사용에 의해 출혈이나 천공 등의 합병증이 발생한 환자 중에서 약 반 정도가 전혀 증상이 없습니다. 십이지장보다는 위에서 무증상 궤양이 더 흔하며  위체부나 위저부의 궤양에서 자주 나타납니다. 유지요법으로 치료를 할 경우 어느 정도 무증상 궤양의 빈도를 감소시킬 수 있으며  증상이 있거나 합병증이 동반되는 궤양으로 진행하는 것도 억제할 수 있어 진통소염제 사용이 불가피할 경우 유지요법을 적극적으로 지속할 필요가 있습니다. 출처 : 질병관리본부  대한의학회
14,식도,식도이완불능증 > 증상,가장 흔한 증상은 물을 포함한 유동식이나 고형식의 연하곤란입니다. 연하곤란은 서서히 시작하여 천천히 진행하기 때문에 대부분의 사람들은 발병 초기에는 그냥 지내다가 증상이 심해진 뒤에 병원에 오게 됩니다. 또한 가슴에 경미한 통증이 생겼다 사라졌다 하는 증상이 초기에 나타나기도 합니다. 그러나 통증이 심하게 나타나는 경우도 있으며  이러한 통증은 등  목  턱  팔까지 퍼질 수도 있어 심장에서 기인하는 흉통으로 오인되기도 합니다. 어떤 사람들은 천천히 먹거나 삼킨 후 목을 들거나 어깨를 뒤로 젖혀서 음식이 위로 넘어가도록 하기도 합니다. 다른 증상으로는 흉통  소화되지 않은 음식물의 역류  가슴앓이  트림 장애  인두 불쾌감  딸국질  연하통  기도 내 흡입  애성  체중 감소 등이 있습니다. 연동운동(Peristalsis)이 손상되어 침과 섭취한 음식이 식도에 머물러 있고  식도의 아래에 있는 괄약근(하부식도괄약근)을 통과하지 못하여 다시 역류되면서 이 물질들은 숨 쉬는 동안에 폐로 넘어가 폐흡인을 일으키기도 합니다. 그 외에 건조각막결막염(Keratoconjunctivitis sicca)과 구강건조증(Xerostomia)은 식도이완불능증을 가진 환자들에게서 드물지 않게 나타납니다. 출처 : 질병관리본부  대한의학회
15,식도,위식도역류질환 > 증상,1. 전형적인 증상 위식도역류질환은 위산이 식도로 역류하여 주로 흉골 뒤쪽의 가슴 부위에서 타는듯한 통증이나 작열감(burning sensation)을 일으키는 질환입니다. 특징적인 증상인 흉부 작열감(가슴쓰림)은 명치끝이나 흉골 뒤쪽에서 입 쪽으로 치밀어 오르는 타는 듯한 또는 쓰린 증상을 말합니다. 가끔 위산이나 위속에 있던 음식이 입까지 역류하면 쓴 맛을 느낄 수도 있고  식사 후에 쓰린 증상을 호소하기도 합니다. 위식도역류증상은 눕거나 앞으로 구부릴 때 심해지고  물을 마시거나 제산제를 복용하면 좋아집니다. 흉부 작열감은 ‘일상적으로 흔히 사용하는 단어’가 아니기 때문에 환자들은 가슴이 쓰리다는 표현보다는 ‘따갑다’  ‘화끈거린다’  ‘아프다’  ‘치밀어 오른다’  등으로 호소하거나  ‘가슴앓이’라고 표현하기도 합니다. ‘속이 쓰리다’  ‘속이 화끈거린다’  또는 ‘얼얼하다’라고 호소하는 환자들은 소화불량증으로 진단되지만 이들 중 일부 환자들의 증상은 위 식도역류에 의해 일어났을 수가 있습니다. 2. 비전형적인 증상 위 식도역류질환은 위산이 식도로 역류하여 가슴쓰림이나 연하곤란 뿐만 아니라 협심증과 비슷한 흉통을 일으킬 수 있습니다. 심한 가슴통증으로 입원하여 시행한 심혈관조영술의 결과를 보면 정상인 환자의 상당수에서 위식도역류질환이 원인인 경우가 많습니다. 역류된 위산은 인후두나 호흡기를 자극하여 쉰 목소리  인후두 이물감 등의 만성 후두 증상이나 만성 기침  천식을 일으킬 수 있습니다. 만성 후두 증상을 호소로 한 국내의 여러 연구에서도 대상환자의 16-48%에서 위 식도역류질환이 동반되는 것으로 보고되어 있습니다. 위 식도역류에 의해 만성 후두 증상을 호소하는 환자 중에서 특징적인 증상인 흉부 작열감이나 위산역류 증상을 동반하지 않는 환자들이 많습니다. 그러므로 비전형적인 역류 증상을 호소하는 환자들 가운데 뚜렷한 원인이 없는 환자는 위산 역류에 대한 검사를 시행하여 볼 필요가 있습니다. 출처 : 질병관리본부  대한의학회
16,식도,식도정맥류 > 증상 및 진단,1. 증상 정맥류 자체는 출혈이 없다면 증상이 전혀 없습니다. 그러나 일단 출혈이 생기면 토혈(피를 토하는 증상)  갑작스러운 어지러움  흑색변(자장면 같은 검은색의 변)  혈변  의식 소실 등의 증상이 단독으로 혹은 동시에 나타납니다. 2. 진단 1) 문진과 신체검사 일반적 문진과 신체검사만으로는 식도 정맥류를 진단할 수 없습니다. 다만 간경변증을 오랫동안 앓았다면  황달  복수  하지 부종  간성 혼수 등이 나타날 수 있고식도 정맥류 역시 존재할 가능성이 높습니다. 그러나 이러한 증상이 없다고 해서 식도 정맥류가 없는 것은 아니므로 간경변증이 의심되는 환자는 반드시 내시경 검사가 필요합니다. 정맥류 출혈이 있는 경우에는 신체검사에서 맥박이 빨라지고 혈압이 떨어집니다. 2) 혈액검사 혈액 검사로 정맥류의 존재를 진단할 수는 없습니다. 다만 황달 수치의 증가  알부민 수치 감소  혈소판 감소  혈액 응고시간의 증가 등 진행된 간경변증에 합당한 소견이 있으면 정맥류가 존재할 가능성이 높습니다. 그러나 이러한 검사 소견의 이상 없이도 정맥류는 존재할 수 있기 때문에 혈액검사만 가지고 정맥류의 존재를 가늠하기란 어렵습니다. 정맥류 출혈이 있게 되면 출혈로 인해 혈색소가 감소하는 빈혈을 보이게 되며 경우에 따라서는 대량 출혈로 인해 간 기능의 급성 악화를 가져옵니다. 3) 내시경 검사 위내시경 검사는 정맥류를 진단하는 가장 보편적인 방법입니다. 간 기능 여부에 따라서 수면 내시경 검사를 시행 할 수도 있지만 황달  복수  간성 혼수가 있는 경우에는 수면 내시경 검사를 시행하기가 대부분 힘듭니다. 내시경 검사를 시행하여 정맥류의 위치  크기  색조에 따라 분류를 하는데 이렇게 분류하는 이유는 이에 따라 치료법과 출혈의 위험성 등이 다르기 때문입니다. 정맥류는 위치에 따라 식도 정맥류와 위정맥류로 분류하는데 식도 정맥류는 말 그대로 식도 에 발생한 정맥류를 의미합니다. 위정맥류는 위식도 >정맥류와 단독 위정맥류로 구분하는데 위식도 정맥류란 위에 발생한 정맥류가 식도 정맥류까지 연결된 경우를 의미하며  단독 위정맥류란 식도 정맥류와 연결 없이 위에만 발생한 정맥류를 말합니다. 정맥류는 크기에 따라 소(小)  중(中)  대(大)로 구분하기도 하지만 중(中)  대(大)를 묶어 대(大)로 표기하여 결과적으로는 소  대 정맥류 두 가지로 구분합니다. 소 정맥류의 경우는 출혈의 위험이 거의 없지만 대 정맥류의 경우에는 출혈의 위험이 높습니다. 색조에 따라 구분하기도 하는데 일반적으로 백색조의 정맥류는 점막 깊이 있고 크기도 작아 출혈의 가능성이 적으며  청색조의 정맥류는 점막 가까이에 있고 그 중에서도 정맥류에 빨간 색조(적색 증후  red color sign)를 띄고 있는 경우에는 출혈의 위험이 높습니다. 정맥류 출혈은 궁극적으로 내시경으로 진단하는데 내시경을 보면 정맥류에서 직접 출혈을 하는 것을 확인할 수도 있지만 직접 출혈을 확인하지 못하는 경우도 많습니다. 내시경으로 정맥류에 붙어 있는 출혈의 흔적과 위 속에 고인 피를 확인했다면 정맥류 출혈을 확진할 수 있습니다. 4) 복부 초음파 검사 초음파 검사로 식도 정맥류를 진단하지는 못합니다. 다만 간의 표면이 울퉁불퉁하다든지  비장이 커져있는 경우  복수 등이 보이면 간경변증으로 진단이 가능합니다. 그리고 앞에서 말한 것처럼 간경변증은 식도 정맥류가 동반해 있을 가능성이 높습니다. 5) 복부 컴퓨터 단층 촬영(CT) 일반적으로 식도 정맥류를 진단하기 위해 복부 컴퓨터 단층 촬영을 시행하지는 않습니다. 다만  복부 컴퓨터 단층 촬영에서는 초음파 검사에서 얻을 수 있는 간경변증 영상 외에도 식도 와 위 주위의 정맥류 발달 상황을 볼 수 있습니다. 6) 기타 검사 복부 자기공명 촬영(MRI) 또한 컴퓨터 단층촬영(CT)과 마찬가지로 식도나 위 주위의 정맥류 발달 상황을 볼 수 있으나 비용이 너무 비싼 것이 단점입니다. 이 외에도 최근 간의 딱딱함 정도를 검사하는 간경도 검사가 식도 정맥류를 진단하는데 쓰일 수 있다는 보고도 있으나 연구가 더 필요한 실정입니다. 출처 : 질병관리본부  대한의학회
17,뇌졸중,뇌졸중 > 증상,뇌는 대동맥에서 분지된 좌  우의 경동맥과 척추동맥에 의하여 혈액공급을 받고 있습니다. 뇌는 부위에 따라 각 영역에 혈액을 공급하는 혈관이 구분되어 있으며  각자 담당하는 기능이 다르기 때문에 어느 혈관이 문제를 일으켰는지  손상된 뇌의 위치와 범위가 어떠한지에 따라 매우 다양한 증상을 나타낼 수 있습니다. 한편  뇌졸중은 발생 즉시 심각한 증상을 느끼고 응급실을 찾게 되기도 하지만 발생 후 수개월 지나서 병원을 방문할 정도로 애매한 증상을 가진 분들도 있고  어지러움  운동장애  간질  치매와 같은 다른 신경과적 문제로 방문하여 뇌 촬영 결과 뇌경색이 발견되는 경우도 있습니다. 1. 반신불수 대뇌의 운동피질에서 시작하여 팔  다리 및 안면으로 내려가는 운동신경은 대뇌를 내려가다가 연수에서 교차합니다. 그러므로 한쪽 뇌혈관에 병변이 생겨 혈액공급이 중단되면 그 반대쪽의 팔  다리 및 안면의 하부에 갑자기 마비가 발생하게 됩니다. 2. 감각이상 및 감각소실 피부의 모든 감각(통각  온각 및 촉각 등)은 말초신경을 통하여 척추신경에 전달되고 척수에서 감각신경 또한 교차하여 반대쪽 시상체와 감각을 담당하는 뇌에 도달합니다. 그러므로 한쪽 뇌의 기능에 이상이 생기면 그 반대쪽의 얼굴  몸통 및 팔다리의 감각에 이상이 생기게 되어 남의 살 같거나 저리고 불쾌한 느낌이 생기는 수도 있고  닿는 감각이나 아픈 감각이 떨어지기도 합니다. 3. 두통 및 구토 뇌졸중 환자의 첫 증상으로 심한 두통과 반복적인 구토에 이어 의식장애가 나타나는 것을 많이 볼 수 있는데  이는 뇌압이 높아져서 발생하는 것입니다. 두통과 구토는 허혈성 뇌졸중보다는 출혈성 뇌졸중 때 더 많이 나타나는 증상입니다. 특히 동맥류가 터질 때 발생하는 두통은 망치로 머리를 세게 때리는 듯한 격렬한 두통이 갑자기 발생하면서 환자가 의식을 잃기도 합니다. 4. 어지럼증(현훈) 우리 몸의 평형을 담당하는 소뇌와 이와 연결되는 뇌간에 혈액공급이 부족할 때 올 수 있는 증상으로 메스껍고 토하는 증상과 함께 몸의 균형을 잡지 못하게 되는 것입니다. 뇌졸중의 어지럼증은 내이의 질병 때문에 생기는 어지럼증과 구별하기 힘들 때가 많지만 뇌졸중에서는 의식장애  한쪽 팔다리의 마비 및 감각 손실 등의 다른 임상증상들을 동반하는 수가 많아 구분이 가능합니다. 5. 언어장애(실어증) 말을 유창하게 하고 다른 사람의 말을 듣고 이해하는 언어 능력은 주로 좌측 대뇌가 담당하고 있습니다. 실제로 오른손잡이의 90%  왼손잡이의 70%가 좌측 대뇌에 언어중추가 존재하기 때문에 언어장애가 있는 경우에는 우측 반신불수가 동반되는 경우가 많습니다. 언어의 중추에는 말을 하는 운동중추와 눈으로 글자를 읽거나 귀로 듣고 이해하는 감각중추가 있으며  이러한 부위는 서로 다른 혈관이 분포하기 때문에 질병이 있는 혈관에 따라 운동성 언어장애 또는 감각성 언어장애가 나타날 수 있습니다. 6. 발음장애(구음장애) 발음장애란  언어장애와 달리 말은 할 수 있으나 입술이나 혀가 제대로 움직여지지 않기 때문에  정확한 발음이 어렵게 된 것을 말합니다. 7. 안면신경마비 안면신경을 담당하는 뇌의 영역이 손상을 입으면 얼굴 근육의 운동을 담당하는 안면신경이 마비됩니다. 이 경우 마비된 반대편으로 입이 끌려가게 되고 마비된 쪽의 눈은 잘 안 감기게 되는데  이러한 증상은 반신불수와 동반되는 경우가 많습니다. 8. 운동실조증 팔다리의 힘은 정상이나 마치 술 취한 사람처럼 비틀거리고 한쪽으로 자꾸 쓰러지려는 경향을 보이거나  물건을 잡으려고 할 때 정확하게 잡지 못하고 자꾸 빗나가는 것을 의미하며  이는 소뇌 또는 뇌간에 이상이 발생하였음을 시사하는 소견입니다. 9. 시각장애/시야결손 눈으로 본 물체는 망막  시신경  시각로를 통해 시각을 담당하는 후두엽의 시각중추로 전달되며 사람은 그제서야 ‘아! 이것이 무엇이구나 ’라고 눈에 보이는 것을 인지하게 됩니다. 만약 뇌졸중에 의해 이 과정의 어느 한 부위에라도 장애가 생기면 시각장애 또는 시야의 결손이 생기게 됩니다. 10. 복시 복시란 하나의 물체가 두개로 보이는 것을 말합니다. 이것은 안구를 움직이게 하는 뇌의 부위에 장애가 생기면서 양쪽 눈의 축이 어긋나게 되며  그 결과 물체의 상이 양쪽 눈의 서로 다른 부위에 맺혀서 발생합니다. 이는 주로 뇌간경색 때 동안신경의 마비가 초래되어 나타나게 되는 증상입니다. 11. 연하곤란 음식을 먹거나 물을 삼키기 힘들어지는 증상으로 뇌간이나 양측 대뇌의 경색이 있을 때 발생할 수 있습니다. 연하곤란이 발생한 환자는 사래가 곧잘 들게 되어 삼킨 음식물이 기관지로 들어가게 되고 그 결과 흡인성 폐렴이 발생할 수 있습니다. 흡인성 폐렴은 연하곤란이 발생한 뇌졸중 환자에서 비교적 흔한 합병증이며  뇌졸중 환자가 사망하는 주요한 원인이 되므로 주의해야 합니다. 12. 혼수상태 의식 중추인 뇌간이나 대뇌의 상당히 큰 부위에 뇌졸중이 생긴 경우 의식이 점차 악화되어 혼수상태에 빠지게 되며 다른 신경학적 이상소견이 동반되는 경우가 많습니다. 13. 치매 증상 사람의 지적 능력  즉 기억력  계산력  판단력 등을 담당하는 뇌의 영역이 손상을 입을 경우 치매와 유사한 증상이 발생할 수 있습니다. 일과성 허혈발작 앞서 설명 드린 뇌졸중의 증상들이 발현 24시간 이내에 소실되는 경우가 있을 수 있는데  이것은 뇌혈관의 폐색이 일시적으로 있다가 저절로 풀린 경우에 나타나는 현상입니다. 이것이 바로 ‘작은 뇌졸중’이라고도 불리는 ‘일과성 허혈발작(TIA; Transient Ischemic Attack)’인데 증상이 사라지고 정상 상태를 보이기는 하지만 혈관의 안벽이 상당히 좁아져 있는 상태이므로 적절한 진단과 치료를 시행하지 않으면 조만간에 실제로 뇌졸중이 발생할 수 있는 위험한 상태입니다. 일과성허혈발작이 의심되는 환자는 반드시 의사의 진찰을 통해 뇌졸중의 위험을 사전에 확인하고 예방해야 합니다. 출처 : 질병관리본부  대한의학회
18,척추,척추관 협착증 > 증상,척추관 협착증이 대부분 퇴행성에 의한 것이기 때문에 초기의 증상은 퇴행성 척추염과 비슷하여 서서히 시작됩니다. 허리에 막연한 무지근한 통증과 뻣뻣함이 나타나는데 습하고 찬 기후에 악화되고 따뜻하게 해 주면 완화됩니다. 또한 활동에 의하여 악화되고 안정을 취하면 호전되는 것이 전형적인 양상입니다.   문화적 배경이나 관습  개인의 경험적인 요소나  통증에 대한 민감도에 따라 병원에 오지 않고 수년간 지내기도 하며 증상이 악화되었을 때 의사를 찾기도 하지만  대부분은 증상에 따라 자연적인 현상으로 받아들이고 불편함을 받아들입니다. 일반적으로 증상이 자주 발생하고 심해질때 특히 보행이나 시장에 가는 등의 일상적인 활동이 지장 받을 때 의사를 찾아오게 되며 이 시기가 되면 증상은 신경성 간헐적 파행(걸으면 아프고 멈추면 통증이 덜 해지는 증상)에 좀 더 가까워지고 통증  마비  경련  저림  근력 약화 등이 나타납니다. 환자의 85%는 둔한 쑤시는 통증을  57%는 감각 이상을  47%는 하지 근력의 약화를  15%는 쥐가 나는 감각을 느낍니다. 증상은 요배부(허리)와 둔부(엉덩이)에서 시작하며 점차 무릎 쪽으로 퍼져가며 흔히 피부 신경 분포의 양상과는 일치하지 않습니다. 하지의 증상은 일반적으로 비대칭적으로 한쪽 다리에 나타나지만 양쪽 다리에 나타날 수도 있습니다. 한쪽 피부 신경 분포에 따라 나타나는 증상은 전형적인 신경근 병변으로 심한 추간공 혹은 외측 함요부 협착에서 흔히 볼 수 있습니다. 좌골신경통 증상이 갑자기 나타나거나 심해지는 것은 기존 척추관 협착증에 수핵(디스크) 탈출증이 함께 있을 가능성을 보여줍니다.   척추관의 크기는 자세에 따라 달라지기 때문에 일반적으로 허리를 펼 때 증상은 악화되고 구부릴 때 호전됩니다. 서거나 허리를 편 자세에서 증상이 나타나는 환자의 경우 앉아서 허리를 구부리면 80%가 단지 허리를 구부리는 것으로는 75% 이상이 그 증상이 완화되는 것을 경험합니다. 환자들은 대부분 그들의 증상을 분명하게 설명은 못하지만 구부리고 앉거나 의자나 전봇대에 혹은 벽을 짚고 구부리면 증상이 완화된다는 것을 알고 있습니다. 많은 환자는 수개월에 걸쳐 쉬지 않고 걸을 수 있는 거리가 점차 감소하는 것을 경험합니다. 얼마 걷지 못한다 할지라도 허리를 구부리게 되는 자전거 타기는 지장을 받지 않습니다. 나이가 많은 협착증 환자에서 유인원처럼 구부정한 자세를 하는 것을 흔히 볼 수 있습니다. 출처 : 질병관리본부  대한의학회
19,척추,강직척추염(강직성 척추염) > 증상,강직척추염은 대개 10대 후반에서 20대 초반의 젊은 남자에게 발병합니다. 하지만 최근에는 발병 연령이 더 어려지고  여성의 비율도 높아지고 있습니다. 증상은 크게 관절 증상과 관절 외(外) 증상으로 구분할 수 있는데  아픈 관절의 수와 위치  염증의 정도에 따라 매우 다양하게 나타납니다. 관절 증상은 다시 척추염  팔·다리관절염  뼈가 부착하는 부위에 염증이 생겨 발생한 증상으로 분류할 수 있습니다. 1. 관절의 통증 1) 척추 증상 허리의 (특히 엉치 부위) 통증은 거의 모든 환자에게 나타나는 증상입니다. 일반적으로 오랜 기간에 걸쳐 조금씩 아프기 시작하는데  주로 자고 일어난 후 아침에 허리가 뻣뻣한 양상의 통증이 발생하게 됩니다. 심하면 잠을 자다가 허리가 아파 깨어나기도 합니다. 그러나 일어나서 활동을 하게 되면 자기도 모르게 통증이 없어지거나 약해지는데 이것은 강직척추염에서 볼 수 있는 특징입니다. 그런데 척추염이라고 해서 척추만 아픈 것은 아닙니다. 척추 이외에도 한쪽 다리의 관절(예; 무릎)이 붓거나 아프고  발꿈치와 갈비뼈에 통증이 생기고 누르면 아픈 것이 더 심해지기도 합니다. 사람에 따라서는 척추의 염증에 의한 증상보다 다리의 관절 염증에 의한 증상이 먼저 나타날 수도 있습니다. 2) 팔·다리 관절염 일반적으로 양쪽 관절보다는 한 쪽에만 오는 경우가 흔합니다. 척추 증상보다 팔  다리의 관절 증상이 먼저 나타날 수도 있어 류마티스관절염으로 잘못 진단되기도 합니다. 특히 소아에서는 팔  다리의 관절통증이 가장 먼저 나타나는 경우도 많이 있습니다. 3) 인대가 뼈에 붙는 부위의 염증 인대가 뼈에 붙는 부위의 염증을 골부착부염이라고 하는데 발뒤꿈치와 발바닥통증  엉덩이 주위의 뼈 통증  가슴통증으로 나타납니다. 강직척추염은 척추증상 없이 골부착부염이 첫 증상으로 올 수 있습니다. 갈비뼈 연골에 발생한 염증으로 가슴 통증을 호소하며 찾는 경우도 많이 있습니다. 2. 관절 외(外) 증상 관절이 아닌 부위에도 문제가 발생하는데 그 증상은 매우 다양합니다. 1) 눈증상 : 포도막염 가끔 눈이 충혈 되거나  통증이 있거나 눈물이 많이 나거나  물체가 두 개로 보이거나  햇빛을 보기가 힘들거나 하는 증상이 발생할 수 있습니다. 이것은 홍채(포도막의 일부)염 때문에 생기는 증상으로 일부 환자에게 발생합니다. 눈증상은 대개의 경우 한쪽 눈에 발생하며  대부분 약물치료로 좋아집니다. 눈증상은 강직척추염과 연관되어 발생하지만 척추염이 심하다고 해서 반드시 눈증상도 심하게 나타나는 것은 아닙니다. 2) 콩팥증상 일부 강직척추염 환자는 소변에서 피가 나오기도 합니다. 이것은 면역글로불린A 신증이라는 병이 콩팥에 발생해 생기는 증상이지만 대개는 큰 문제를 일으키지 않습니다. 3) 장증상 복통이나 설사 등의 증상이 나타날 수 있으며  일부는 만성으로 진행하면서 소장의 끝부분이나 대장의 점막에 염증이 발생하는 경우도 있습니다. 4) 폐증상 갈비뼈의 강직으로 폐가 확장되지 못하여 숨이 차거나 기침이 나는 증상이 발생할 수 있습니다. 5) 심장증상 간혹 심장 이상으로 인해 가슴 통증이나 숨이 찬 증상이 나타날 수 있습니다. 주로 동맥염이나  대동맥판막을 통해서 피가 역류하는 대동맥 판막 부전증  심장의 전기 전도장애로 맥이 고르지 않은 부정맥이 발생할 수 있습니다. 6) 그 외 증상 이 밖에 만성 전립선염이 발생하기도 합니다. 또한 연령이 높아질수록 쉽게 피로해지고  열이 나거나 식은땀을 흘리기도 하고 체중이 줄어드는 경우도 있습니다. 출처 : 질병관리본부  대한의학회
20,치주염,치주염의 증상 및 진단,▶ 증상 및 진단 치주염은 본인이 증상을 느끼지 못하는 경우부터  심한 통증을 느끼는 경우까지 다양한 증상을 가지고 있다. 간단히 알아볼 수 있는 자가 진단 증상은 다음과 같다. (1) 잇몸에 통증을 느껴본 적이 있다. (2) 잇몸에서 피가 난 적이 있다. - 칫솔질 시에 피가 난다. - 딱딱한 음식을 먹을 때 피가 난다. (3) 이 사이가 벌어지는 느낌이 든다. (4) 잇몸이 붓거나 만지면 아픈 적이 있다. (5) 이가 들뜬 느낌이 든 적이 있다. (6) 잇몸이 내려가서 이가 길어 보인다. (7) 구취가 심하게 난다. (8) 잇몸에서 고름이 난 적이 있다. (9) 이가 맞물리는 느낌이 변한 것 같다. (10) 이가 흔들린다. 공단일산병원 치과 김영택 출처 : 국민건강보험공단
21,알레르기,알레르기성비염의 증상 및 진단,연속적인 재채기 발작  계속 흘러내리는 맑은 콧물(수양성 비루)  코막힘(비폐색) 등이 특징적인 증상인 알레르기성 질환이다. 그 외에도  눈이나 인후두의 가려움증  냄새 감지능력의 감퇴  두통  눈부심  과도한 눈물  피로 등의 증상이 같이 생기기도 한다. 알레르기 비염의 진단은 간단치 않다. 한가지 검사로만은 불가능하며 여러 가지 검사를 시행하여야 한다. 1.병력검사 1) 특징적인 증상인 재채기발작  맑은 콧물  코막힘 등의 3대 증상이 있을 것  2) 유전적 관계나 가족성 질환인가의 여부 유전적인 관계로 가족 중에 알레르기성비염  알레르기성 천식  두드러기  아토피피부염등 알레르기성 질환이 있는 경우 3) 환자 자신이 여러 가지 알레르기성 질환이 함께 있는 경우 4) 어렸을 때부터 증상이 계속 있는 경우 5) 가끔 발작적으로 증상이 나타나는 경우 6) 특정한 계절이나 어떤 물질에 노출되었을 때 발작되는 경우 7) 주거환경이나 작업환경의 변화와 관련해 증상이 나타나는 이러한 여러 가지 증상이 있으면 알레르기성 비염을 일단 의심할 수 있으며 확진을 위해서는 다음의 여러 가지 검사를 시행할 수 있다. 2. 피부반응검사(단자  소파  피내반응검사)  유발검사 팽진과 주위의 홍반의 크기를 측정하여 정확한 원인 항원을 규명한다. 일단 원인 물질이 발견되면 그 원인 물질로 알레르기 유발 검사를 실시하여 확인하게 된다. 3. 콧물이나 혈액의 세포검사 진단에는 도움이 될 수 있으나 원인을 아는데는 도움이 되지 않는다. 콧물의 호산구가 10%이상 나오면 비염을 의미할 수 있다. 4. 면역글로블린 (Ig E) 검사 5. 효소면역검사  면역검사 이런 검사를 하여 알레르기성 질환이 확진이 되면 이는 평생 지속되는 질병이므로 알레르기 클리닉에 등록하여 치료하는 것이 바람직하다. 출처 : 공단일산병원
22,결막염,결막염 > 원인 및 증상,1. 원인 1) 감염성 결막은 안구 표면을 보호하기 위한 자연 방어 기전을 가지고 있기 때문에 여러 가지 세균  바이러스  진균 등 미생물에 의해 병이 유발되는 경우는 드뭅니다. 하지만 이런 방어 기전의 균형이 깨지거나 면역이 약화된 경우 감염성 결막염에 걸릴 수 있습니다. 2) 알레르기 알레르기 결막염은 면역 질환으로 외부의 먼지  꽃가루  약품  화장품 등 수많은 물질에 의해 우리 몸의 면역 체계가 과민반응을 보일 경우 나타날 수 있습니다. 3) 독성 반응 화학 물질이나 담배  점안약제 등에 의해서도 결막염이 발생할 수 있습니다. 이 밖에도 콘택트렌즈 착용자나 자가면역질환에 동반된 건성안의 경우에도 결막염에 걸릴 수 있습니다. 2. 증상 발병원인에 따라 차이를 보이지만 결막염의 주요 증상으로는 충혈과 눈물 흘림  눈꺼풀 부종(edema)  경도의 삼출성 분비물에서 다량의 화농성 분비물  이물감  가려움증 및 작열감  눈부심  시력저하 등이 있을 수 있습니다. 1) 주요 증상에 따른 결막염 진단 (1) 소양감(pruritus  가려움증) 가려움증은 알레르기 결막염에서 볼 수 있는 특징입니다. 양안에 자주 재발되는 양상의 가려움증이 있으며  기후나 환자의 활동 여부에 따라 차이를 보이고  알레르기 비염이나 천식  아토피피부염 등이 동반돼 있는 경우 알레르기 결막염을 의심해 볼 수 있습니다. 봄철각결막염(Vernal keratoconjunctivitis) 의 경우 가려움증이 매우 심하게 동반됩니다. (2) 분비물 염증이 있을 때 동반되는 안구 분비물의 양상은 삼출성  점액성  화농성으로 나누어 볼 수 있습니다. 이는 결막염의 원인을 추정하는데 도움이 됩니다. 삼출성 분비물은 주로 바이러스 또는 알레르기 결막염에 동반되며  실모양의 점액성 분비물은 건성안이나 알레르기 결막염이 있는 경우 나타날 수 있습니다. 심한 농성 분비물로 인해 아침에 눈에 딱지가 생겨 눈뜨기가 불편한 경우에는 세균성 감염을 의심해야 합니다. (3) 안통  눈부심 심한 안통과 눈부심은 결막염에서 일차적으로 동반되는 특징적인 증상은 아닙니다. 따라서 이런 증상이 나타나면 각막염  포도막염  급성 녹내장 또는 안와봉소염(orbital cellulitis) 등을 의심해 보아야 합니다. (4) 단안 혹은 양안성 결막염이 한쪽 눈에만 국한되어 발생하였는지  양쪽 눈에 발생하였는지도 결막염의 감별 진단에 도움이 될 수 있습니다. 주로 알레르기 결막염은 환경적 요인에 의해 발병하기 때문에 대개의 경우 양쪽 눈에 같이 발생합니다. 그러나 바이러스나 세균에 의한 감염은 접촉에 의해 전파되므로  대개 한 눈에 발생해 며칠이 지나 반대편 눈에 옮게 되는 경우가 많습니다. 한쪽 눈에 발생하는 만성 결막염은 일으키는 요인이 다양하며  진단이 어려워 세심한 안과 검사가 필요합니다. 각막염이나 코눈물관 폐쇄  결막 종양 등 흔치 않은 질환 의해 유발될 수 있습니다. 출처 : 질병관리본부  대한의학회
23,백내장,백내장 > 증상,백내장은 수정체가 혼탁해져서 시력이 저하되는 질병이므로 대부분의 경우 시력장애 이외에 별다른 통증은 동반하지 않습니다. 일반적인 백내장은 수개월에서 수년에 걸쳐 서서히 진행하며  발병 초기에는 특별한 이상증상을 느끼지 못하는 경우가 많습니다. 그러나 시간이 지나면서 수정체 혼탁이 진행됨에 따라 다음과 같은 증상들이 나타납니다. 1. 시력감퇴 백내장이 발생하면 혼탁해진 수정체로 인해 시야가 흐리거나 왜곡되어 보일 수 있는데 이러한 증상은 혼탁의 위치  정도  범위에 따라 다르게 나타납니다. 한편  백내장에 의한 시력감퇴는 상당히 진행된 경우라 하더라도 빛의 밝고 어두움  빛과 그림자 등은 느낄 수 있는 것이 특징입니다. 1) 백내장 초기에 수정체 주변부에만 혼탁이 발생할 경우에는 뚜렷한 시력감퇴를 느끼지 못하는 경우가 많음 2) 혼탁이 수정체 중앙부위에 발생한 경우에는 눈동자가 수축하는 낮 시간이나 밝은 장소에서 시력이 심하게 나빠지고  어두운 곳에서는 시력이 좋아지는 소위 '주맹(晝盲)' 증상이 나타날 수 있음. 3) 백내장이 진행되어 수정체 전체가 혼탁해진 환자에서는 밝고 어두움에 관계없이 항상 시력이 감퇴함. 2. 빛이 퍼져 보임  눈부심 자동차 헤드라이트나 태양 등 밝은 빛을 바라볼 때 혼탁한 렌즈를 통과한 빛이 산란되면서 빛이 퍼져 보이거나 눈이 부신 증상이 나타날 수 있습니다. 3. 물체가 여러 개로 보임 부분적인 혼탁으로 수정체의 굴절상태가 불규칙할 때 물체가 두 개 또는 여러 개로 보이는 복시(複視)가 발생할 수 있습니다. 그러나 이러한 증상은 백내장이 진행하여 시력이 더욱 나빠지면 사라집니다. 4. 기타 증상 그 외에 백내장 환자가 느낄 수 있는 증상에는 다음과 같은 것들이 있습니다. 사물의 색깔이 붉거나 노랗게 왜곡되어 보임. 백내장이 심할 경우 동공(눈동자)이 뿌옇고 흐리게 보일 수 있음. 백내장의 발생 초기에는 수정체의 굴절력이 증가되면서 일시적인 근시상태가 되므로 돋보기를 쓰던 사람이 안경 없이도 가까운 글씨를 잘 보는 경우가 있음. 그러나 백내장이 진행하여 수정체 혼탁이 더욱 심해지면 시력은 다시 나빠짐. 출처 : 질병관리본부  대한의학회
24,비염,알레르기성비염의 증상 및 진단,연속적인 재채기 발작  계속 흘러내리는 맑은 콧물(수양성 비루)  코막힘(비폐색) 등이 특징적인 증상인 알레르기성 질환이다. 그 외에도  눈이나 인후두의 가려움증  냄새 감지능력의 감퇴  두통  눈부심  과도한 눈물  피로 등의 증상이 같이 생기기도 한다. 알레르기 비염의 진단은 간단치 않다. 한가지 검사로만은 불가능하며 여러 가지 검사를 시행하여야 한다. 1.병력검사 1) 특징적인 증상인 재채기발작  맑은 콧물  코막힘 등의 3대 증상이 있을 것  2) 유전적 관계나 가족성 질환인가의 여부 유전적인 관계로 가족 중에 알레르기성비염  알레르기성 천식  두드러기  아토피피부염등 알레르기성 질환이 있는 경우 3) 환자 자신이 여러 가지 알레르기성 질환이 함께 있는 경우 4) 어렸을 때부터 증상이 계속 있는 경우 5) 가끔 발작적으로 증상이 나타나는 경우 6) 특정한 계절이나 어떤 물질에 노출되었을 때 발작되는 경우 7) 주거환경이나 작업환경의 변화와 관련해 증상이 나타나는 이러한 여러 가지 증상이 있으면 알레르기성 비염을 일단 의심할 수 있으며 확진을 위해서는 다음의 여러 가지 검사를 시행할 수 있다. 2. 피부반응검사(단자  소파  피내반응검사)  유발검사 팽진과 주위의 홍반의 크기를 측정하여 정확한 원인 항원을 규명한다. 일단 원인 물질이 발견되면 그 원인 물질로 알레르기 유발 검사를 실시하여 확인하게 된다. 3. 콧물이나 혈액의 세포검사 진단에는 도움이 될 수 있으나 원인을 아는데는 도움이 되지 않는다. 콧물의 호산구가 10%이상 나오면 비염을 의미할 수 있다. 4. 면역글로블린 (Ig E) 검사 5. 효소면역검사  면역검사 이런 검사를 하여 알레르기성 질환이 확진이 되면 이는 평생 지속되는 질병이므로 알레르기 클리닉에 등록하여 치료하는 것이 바람직하다. 출처 : 공단일산병원
25,비염,만성비염 > 증상,원인에 관계없이 대부분의 만성 비염 환자들은 증상의 심한 정도의 차이는 있으나 유사한 임상적 양상을 보이게 됩니다. 일반적으로 호소하는 증상은 코막힘이 자주 일어나고 코막힌 음성이 나오며 냄새를 잘 못 맡는 경우가 흔합니다. 또한 코막힘이 보통 좌우가 교대로 막히게 되며 그 정도는 다양합니다. 증상이 심할 때 환자는 양쪽 코가 모두 막혀서 코를 통한 호흡에 장애가 생기므로 입을 통한 구강호흡을 하게 되며 이로 인하여 인후염에 쉽게 걸리고 목이 자주 아프게 됩니다. 머리가 무겁다고 호소하며 주의력이 산만해지고 집중력저하가 발생되기 쉬워 업무와 학업에 지장을 주기도 합니다. 다른 증상으로는 비루(콧물)가 있는데 대개의 비루는 맑은 수양성이나 세균에 의해 감염이 되면 황록색의 화농성 비루로 변하기도 합니다. 비강의 분비물이 후비공으로 넘어가는 경우 콧물이 목뒤로 넘는 느낌이 있어 불쾌감을 줄 수도 있으며 이를 후비루라고 합니다. 장기간의 후비루는 만성기침의 원인이 됩니다. 만성 비염은 염증으로 인해 비점막의 신경이 노출되어 발작적인 재채기를 유발하기도 하며  후각소실 또는 후각감퇴의 원인이 되기도 합니다. 만성 비염 환자의 비강을 진찰해 보면 비점막의 종창 소견과 함께 수양성 혹은 농성 분비물이 관찰되기도 합니다. 비점막의 종창이 오래가게 되면 충혈완화제로도 수축이 되지 않는 경우가 있을 수 있습니다. 흔히 낮보다는 밤에 더욱 불편하며  옆으로 누웠을 때 아래쪽 비강이 막히는데 이는 아래쪽 점막이 충혈 됨으로써 생기게 됩니다. 만성 부비동염으로 만성비염이 발생되었을 경우에는 누렇고 푸르스름한 콧물이 나올 수 있고  알레르기성 비염으로 만성비염이 발생되었을 경우에는 코가 가렵고 맑은 콧물이 많이 나며  코가 자주 막힐 수 있습니다. 또한 콧물이 많이 나와 콧구멍 입구와 코의 바로 아래 부분이 헐고 진물이 날 수도 있습니다. 또한 만성 비염은 누낭염  결막염  이관염  중이염  인후두염 등의 합병증을 일으킬 수도 있습니다. 1. 만성 감염성 비염 세균에 의해 유발되는 만성 감염성 비염은 급성 비염에 대한 치료가 불완전 하여 반복적으로 염증이 발생 또는 지속되는 경우나  부비동염이나 편도조직의 만성 염증으로 비염이 오랫동안 지속하는 경우  전신적 영양상태나 면역상태가 불량하여 비염이 치유되지 않는 경우에 나타날 수 있습니다. 만성 감염성 비염은 어린이에게서 흔히 관찰되며 만성 부비동염과 함께 병발 할 때가 많습니다. 비강 내 화농성 분비물이 관찰되지만 그 외의 급성 비염 증상은 없습니다. 치료는 적절한 항생제 투여로 충분하며  만성 비후성 비염이나 고질적인 만성 부비동염의 합병증이 있을 경우 수술을 고려 할 수 있으나 어린이의 경우 수술보다는 주로 보존적 치료를 시행하게 됩니다. 만성 감염성 비염 중 결핵균이나 진균에 의한 비염은 잘 낫지를 않습니다. 병리 소견 상 육아종이나 육아종성 변화를 보이는데  진찰소견 상 비강 내의 궤양이나 괴사가 있고 종양과 유사한 형태로도 보이게 됩니다. 이런 환자의 경우는 조직 생검과 면역조직 화학검사를 통해 결핵  진균증 또는 종양을 감별하여야 합니다. 2. 혈관 운동성 비염 혈관 운동성 비염이란 알레르기 비염의 범주에 속하지 않으며  해부학적 이상  감염  임신  약물  내분비 이상과 같은 분명한 원인이 없는 비감염성  비알레르기성 만성 비염으로 정의 할 수 있습니다. 아직 원인과 병태생리가 불분명한 상태에서 혈관 운동성 비염은 특발성 비염  내인성 비염  비감염성 비알레르기성 비염  비알레르기성 통년성 비염 등 여러 명칭과 혼용되고 있습니다. 혈관 운동성 비염의 진단은 다른 종류의 비염을 감별하여 이루어집니다. 감염성 비염이나 부비동염이 혈관성 비염의 진행과정에 같이 걸릴 수 있어 이로 인하여 혈관운동성 비염에 다른 합병증을 유발하기도 합니다. 3. 호산구증다증과 관련된 비알레르기 비염 콧물에서 호산구 증가의 유무에 따라 비알레르기 비염을 호산구성 비염 과 비호산구성 비염으로 분류 합니다. 비호산구성 비염은 콧물이 주증상인 반면 호산구성 비염은 코막힘이 주증상 입니다. 호산구성 비염은 비호산구성 비염에 비해 방사선 검사상 부비동의 점막비후가 현저하고 천식이나 아스피린 과민증에 잘 동반되는 특징이 있습니다. 일반적으로 호산구성 비염이 스테로이드에 현저한 반응을 보이는 반면 비호산구성 비염은 항콜린제 이외에는 효과가 없습니다. 통년성 비염 환자 중 일부는 비즙도말검사상 의미 있게 호산구가 증가하고 아토피 질환의 기왕력이 없으며 피부반응검사상 음성을 보이는 경우가 있습니다. 이러한 경우를 호산구성 비알레르기 비염이라고 합니다. 하지만  항히스타민제나 충혈완화제는 뚜렷한 효과가 없으며 스테로이드를 사용하면 증상이 호전되고 비점막의 호산구 침윤도 감소하게 됩니다. 4. 직업  환경과 관계되는 비염 일시적 혹은 만성적으로 자극적 분진이나 합판가공 중 나오는 포름알데하이드가스  화학물질  페인트 등의 유독물질  세척제  향수  화장품  대기오염  담배연기  스프레이제제 등에 노출되면 코막힘을 유발 할 수 있습니다. 치료를 위해서 우선 추정되는 자극물질로부터 회피가 중요하며 여의치 못한 경우 환기와 공기여과기  마스크 등을 이용합니다. 5. 호르몬성 비염 1) 임신과 생리기간 중의 비염 여성에 있어 임신 후반기와 생리 시작 바로 직전에 내인성 프로게스테론이 급격히 상승합니다. 프로게스테론은 비강 내의 혈관 확장과 충혈을 일으키며 그 결과로 코막힘이 나타납니다. 치료는 가급적이면 약물을 쓰지 않는 것이 좋습니다. 2) 갑상선 기능 저하증 일반적으로 교감신경 기능이 저하되고  상대적으로 부교감신경 기능이 두드려져서 비강에서 혈관 확장을 유도하여 비염증세가 나타나게 됩니다. 우선 갑상선 호르몬이상을 교정한 후에 잔존하는 비강 내의 병적 상태를 교정합니다. 6. 약물성 비염 비점막 수축제나 여러 종류의 전신 약물 투여 후 올 수 있는 코막힘 현상을 약물성 비염이라고 총칭합니다. 약물성 비염은 지속적인 약제의 사용으로 인한 비혈관계와 점액분비에 대한 자율신경조절의 장애로 발생하며 그 결과 혈관 수축이 감소하고 혈관확장이 증가 합니다. 어떠한 국소 충혈완화제라도 장기간 사용할 때는 위와 같은 반동현상이 일어나 사용을 중단하기 힘들게 될 수 있습니다. 7. 온도와 관련된 비염 체표면에서의 열방출과 저장을 위하여 뜨거운 공기는 비강내 혈관확장을 야기하고  차가운 공기는 혈관을 수축시킵니다. 그러나 발이 차가운 곳에 노출되면 비충혈을 유발 할 수 있습니다. 그러므로 코막힘이 있는 환자는 발을 따뜻하게 하고 창문을 자주 열어 차고 신선한 공기가 유입되게 하면 증상이 좋아질 수 있습니다. 하지만 장기간 찬 공기에 노출되면 알레르기성 비염 환자들의 경우 오히려 코막힘이 유발되므로 주의하셔야 합니다. 8. 음식물 유발성 비염 음식물 유발성 비염은 흔히 미각 비염이라고도 불리며 음식물을 먹을 때  특히 뜨겁거나 매운 음식이나  음료수를 먹을 때 콧물이 생깁니다. 구개에 있는 감각신경이 콜린성 반사를 유발하여 증상이 나타나게 되며 치료는 0.003%의 이프라트로피움 브로마이드 비강분무제를 식사 10분전에 뿌려 주면 증상을 완화 할 수 있습니다. 9. 정서적 원인에 의한 비염 감정적 요소인 불안  적개심  죄책감  좌절  분개 등은 자율신경계에 의한 비혈관 조절을 방해하여 코막힘과 비루를 유발하며 기존의 비강질환을 악화시킵니다. 또한 정서적 원인에 의한 비염환자 중 비충혈로 인한 코막힘과 편두통이 동반되는 경우도 있으며 이러한 환자는 부비동염에 의한 두통과의 감별이 중요하다고 할 수 있겠습니다. 치료는 스트레스나 불안을 유발하는 요인을 제거하는 것이 좋고 직접 비점막의 충혈을 처치합니다. 10. 위축성 비염 위축성 비염은 비점막과 비갑개골의 점진적인 위축을 동반하는 만성 비질환으로 점도 높은 분비물과 그것이 급격히 건조되면서 형성되는 냄새코염(취비증)  즉 지속적인 악취를 풍기는 두꺼운 코딱지를 형성하는 것이 특징입니다. 이 질환은 치명적인 것은 아니지만 만성화 되어 환자에게 괴로움을 주고 사회생활에 장애를 가져올 수 있습니다. 또한 많은 경우 후각소실을 동반하고 그 외에도 두통  만성 부비동염 혹은 변화된 생활행동을 보이게 됩니다. 위축성 비염은 시기적으로 특히 사춘기에 호발하며  남자보다 여자에게 높은 빈도를 보입니다. 위축성 비염의 임상증상으로는 코막힘  코 건조감  다량의 가피(코딱지)  악취가 나는 비루  두통 또는 비출혈이 있으며 그 외 후각소실이 동반되기도 합니다. 때로는 다른 증상 없이 인두의 건조감  가려움증  기침  음성변화 등과 같은 인두증상만을 보이는 경우도 있는데 이것은 위축성 비염과 자주 동반되는 건조성 인두염 또는 형성된 가피가 비인강이나 구인두부위로 미끄러질 때 일어나는 호흡곤란 때문에 발생하게 됩니다. 11. 만성 비후성 비염 만성 비염 환자에게 적절한 치료를 충분히 시행하지 않으면 만성적으로 염증이 지속되어 비강 내의 점막과 비갑개골이 비가역성의 비후소견을 보이게 되어 때로는 거대한 하비갑개를 관찰하게 되는데 이러한 상태를 만성 비후성 비염이라고 합니다. 만성 비후성 비염은 원인에 상관없이 만성 비염의 염증상태가 지속적으로 장기간 진행되어 발생한 결과라고 할 수 있습니다. 내과적 치료로 경구용 점막 수축제  국소분무형 스테로이드제제  국소 스테로이드 비갑개 주사법 등이 있고 수술적인 치료법으로는 비갑개 성형술이나 비갑개 절제술등의 비강통기도 개선술  전기소작법과 삼염화초산  질산은 등의 약물을 이용한 비갑개 소작술  레이저를 이용한 점막수술 등이 있습니다. 12. 무기류 비염 1) 후두전절제술 후 또는 기관절개술 후 더 이상 코로 숨을 쉴 수 없는 상태가 되어 나타나는 무기류 비염의 대표적인 경우로 비강기류로 인한 온도와 습도의 주기적인변화  비강섬모 점액층의 운동이 없어진 결과로 나타나며 혈관층의 긴장도 소실되고  비갑개가 습해지며 보랏빛 종창이 유발됩니다. 2) 후비공폐쇄 비점막의 상태는 후두전절제술 환자와 비슷합니다. 추가로 비점액이 후비공을 통해 배출되지 못함으로 맑은 점액이 비강내에 축적된 소견이 보입니다. 3) 아데노이드 비염 비인두에 편도조직의 일종인 아데노이드 비대로 인한 비강기류의 단절은 아데노이드의 염증 정도와 관계없이 비갑개의 습윤  종창  맑은 수양성 비루의 축적 등을 유발합니다. 알레르기 비염과 증상이 유사 하여 감별진단이 중요 합니다. 13. 전신질환으로 인한 비염 상대정맥 증후군  오너증후군  간경화  요독증 등에서 코막힘이 발생 할 수 있습니다. 출처 : 질병관리본부  대한의학회
26,전립선,전립선비대증 > 증상,전립선은 방광 아래쪽에 위치하면서 방광에서 소변이 나가는 요도를 감싸고 있기 때문에 전립선비대증 발생 초기에는 특별한 증상을 일으키지 않으나 시간이 지나면서 전립선이 커질 경우 요도를 막아서 소변을 보기가 힘들어지고 다음과 같은 증상들이 발생합니다. 전립선 비대증의 주요 증상 소변줄기가 가늘고 힘이 없어지며  중간에 소변줄기가 끊어지기도 한다. 소변을 보고 나서도 시원하지 않은 느낌이 든다. 소변 볼 때 소변이 나오기 시작할 때 까지 시간이 걸리거나 힘을 주어야 소변이 나온다. 소변이 자주 마렵거나 갑자기 소변이 마렵고 참기 힘들다. 밤에 잠을 자다가 일어나서 소변을 보아야 한다. 한편  전립선비대증으로 인해 소변을 본 후에도 방광이 완전히 비워지지 않으면 방광 속에 정체되어 있는 소변으로 인해 요로감염(방광염)이나 방광 결석이 생길 위험이 높아집니다. 경우에 따라서는 방광에서 요로를 통해 신장으로 압력이 가해지면서 요로와 신우가 늘어나는 수두증 (水腎症)이 발생하여 신장이 손상될 수도 있습니다. 그리고 심하게 비대해진 전립선이 소변배출을 완전히 막을 경우 소변을 전혀 볼 수 없는 요페 (尿閉)가 발생하여 응급으로 소변줄을 꽂아 소변을 배출시켜야 하는 경우도 있습니다. 전립선비대증으로 인한 증상을 점수화해서 전립선비대증의 심한 정도를 쉽게 확인하기 위해 ‘국제전립선증상점수’  영어로는 IPSS (International Prostate Symptom Score)라는 점수표가 널리 이용되고 있습니다. 합계점수가 1~7점인 경우는 경미한 증상  8~19점은 중간정도 증상  20~35점인 경우는 심한 증상을 의미합니다. 국제전립선증상 점수 병원을 방문해야 하는 경우 이상의 증상 중 어떤 것이라도 생활에 불편이나 지장을 줄 경우에는 비뇨기과 의사와 상의하는 것이 좋습니다. 그리고 이상의 증상들은 전립선비대증 뿐 아니라 요로감염이나 방광암  전립선암  방광결석 등에서도 발생할 수 있으므로 정확한 감별진단이 필요합니다. 한편  소변에 혈액이 나오거나 (혈뇨) 소변을 볼 때 통증이 있는 경우  소변을 볼 수 없는 경우에는 즉시 병원을 방문해야 합니다. 출처 : 질병관리본부  대한의학회
27,고지혈증,고지혈증 > 원인 및 증상,1. 원인 고지혈증  즉 콜레스테롤 수치가 높아지는 이유는 여러 가지가 있는데 유전적 요인으로 높아지는 경우도 있지만  살아가면서 생활습관 때문에 나타나는 경우도 있습니다. 생활습관에서 우선 식사에 따른 영양과 체중  신체활동의 3가지 이유를 살펴보겠습니다. 식사에서는 포화지방이 풍부한 음식이나 콜레스테롤이 많이 들어있는 음식이 콜레스테롤 수치를 올리게 됩니다. 포화지방은 대표적으로 소고기나 돼지고기에 들어있는 동물성 지방을 말합니다. 이런 종류의 음식을 많이 섭취하면 콜레스테롤이 증가합니다. 체중이 증가해 비만이 되면 심장질환이 생길 확률이 높아집니다. 일반적으로 체중이 늘면 콜레스테롤 수치도 따라서 올라가는 경향이 있습니다. 반대로 체중이 줄면 저밀도지단백 콜레스테롤 수치가 떨어지고  고밀도지단백 콜레스테롤 수치가 증가합니다. 신체활동을 하지 않으면 심장혈관 질환의 위험이 높아집니다. 매일 30분 정도의 적당한 운동으로 저밀도지단백 콜레스테롤이 감소하고 고밀도지단백 콜레스테롤이 증가해 고지혈증을 예방하는데 효과가 있습니다. 이상의 3가지 원인들은 우리 스스로 조절할 수 있는 고지혈증의 원인이므로 마음먹기에 따라 콜레스테롤 수치를 낮출 수 있습니다. 하지만 우리가 마음대로 할 수 없는 원인이 있는데  그것은 나이와 성별  그리고 유전입니다. 나이가 들어감에 따라 여자와 남자 모두에게 콜레스테롤 수치는 올라가는 경향이 있습니다. 특히 여자는 나이뿐만 아니라 폐경도 고지혈증에 영향을 주는데  월경이 영구히 중단되는 폐경기를 거치고 나면 콜레스테롤 수치가 증가합니다. 콜레스테롤이 만들어지는 정도는 사람마다 다르고 유전되는 경향이 있으며  유전자에 적혀져 있는 정보에 따라 콜레스테롤이 몸에서 합성되는 정도가 달라질 수 있습니다. 가족 중에 고지혈증을 가진 사람이 있으면  유전되는 경향이 있습니다. 2. 증상 고지혈증이 있으면 어떤 증상이 나타날까요? 몸이 쉬 피로 하거나 지치는 것이 고지혈증의 증상일까요? 가슴에 통증이 나타나고 숨이 찬 것이 고지혈증의 증상일까요? 어떤 질병이든 초기에 자각증상이 있다면 일찍 진단해 치료도 쉬워집니다. 그러나  고지혈증은 아무런 자각증상이 없어  오직 혈액검사로만 알 수 있습니다. 만일 고지혈증이 원인이 돼 어떤 증상이 나타났다면 그때는 이미 고지혈증에 의한 심혈관질환이나 뇌혈관질환과 같은 합병증이 진행된 상태라고 봐야 합니다. 장기간 고지혈증이 지속되면 콜레스테롤이 혈관 벽에 쌓이게 됩니다. 혈관 내경이 어느 한계 이상으로 좁아지게 되거나  혈관 벽에 만들어진 죽상반이 터져 나타나는 병이 협심증과 심근경색증입니다. 고지혈증은 아무런 자각증상이 없으므로 정기적인 혈액검사가 필요할 뿐만 아니라  오로지 혈액검사로만 진단되는 질환입니다. 출처 : 질병관리본부  대한의학회
28,결장염,궤양성대장염(궤양성 결장염) > 증상,궤양성대장염은 대개 약하게 점진적으로 발병하며  병원을 방문하기 전 수주에서 수개월 동안 증상을 호소합니다. 90% 이상의 환자에서 피가 섞인 대변을 호소하며 이것이 가장 흔한 증상입니다. 증상은 대장의 염증정도와 대장 내 질병의 침범범위에 따라 다양하게 호소하며  혈변 외에 주증상으로는 설사  대변 절박증  뒤무직  야간 설사  경련성 복통  배변 전의 좌 하복부 통증 및 불쾌감  발열  피로감  체중감소 등이 있습니다. 또한  대장 이외 증상으로 결절 홍반  괴저 농피염  구강 궤양이 있을 수 있으며 안질환이나 관절염  담관염이 생길 수도 있습니다. 묽은 변이 6주 이상 지속될 경우에는 감염성 설사 보다는 궤양성대장염을 의심해야 하며  대장 전체에 염증이 있거나 좌측 대장염의 경우에는 혈변을 동반한 만성 설사를 호소합니다. 증상이 좀 더 심한 경우에는 식욕부진  오심  구토  구역  발열  부종  전신 쇠약감 등이 발생할 수 있으며  직장에만 병변이 있을 경우에는 대개 직장 출혈  대변절박증  뒤무직 등의 증상만을 호소하며  가끔 변비증상을 호소하기도 합니다 . 출처 : 질병관리본부  대한의학회
29,두드러기,두드러기 > 증상 및 진단,1. 증상 두드러기는 작은 구진성 팽진부터 10 cm 이상의 큰 팽진을 보일 수 있습니다. 작은 팽진이 점점 융합하여 큰 팽진으로 변할 수도 있고 팽진의 중심부가 없어지며 원형의 홍반으로 남을 수도 있습니다. 대부분의 팽진은 가려우며 전신의 어디에나 생길 수 있습니다. 보통 발생 후 수 시간이면 소실되지만 드물게 하루 이상 지속되는 경우도 있어  48시간 이상 지속되는 경우는 이차 두드러기와 같은 다른 원인을 찾아봐야 합니다. 맥관부종은 두드러기보다 피부 깊은 부위에 발생하며 가려움보다는 통증을 느끼며 점막을 흔히 침범하여 심한 경우 호흡기계  위장관계나 심혈관계의 증상도 동반될 수 있습니다. 2. 진단 두드러기는 환자의 증상에 대한 병력청취와 피부의 팽진을 확인하면 쉽게 진단할 수 있습니다. 그러나 만성 두드러기환자는 임상증상이 없을 때에도 방문하므로 병력청취가 중요합니다. 앞의 두드러기의 원인과 종류에서 언급한 것과 같이 두드러기는 다양한 원인에 의해 다양한 종류로 분류하므로 정확한 병력청취와 팽진의 분포와 모양  크기 등을 확인한 후 가능한 한 원인검사를 시행하여 원인과 어떤 두드러기인가를 진단하여야 합니다. 물리적 두드러기가 의심될 경우 유발검사를 시행하여 확진하며 모든 두드러기 환자에서 획일적인 특정한 원인검사는 추천되지 않고 있습니다. 그러나 만성 두드러기 환자인 경우 일반적인 혈액검사와 함께 간염과 갑상선질환에 대한 검사  알레르기 원인검사와 피부 조직검사 등을 시행할 수 있으며 일부 한랭두드러기나 일광두드러기와 같은 물리적 두드러기의 경우도 원인 질환을 알기 위해 혈액검사를 시행하기도 합니다. 출처 : 질병관리본부  대한의학회
30,대장,대장게실증 > 증상,1. 대장 게실증의 증상 게실증을 가진 대부분의 사람들은 증상을 호소하지 않습니다. 게실증을 가진 사람들 중 10-30%만이 증상을 나타냅니다. 흔히 동반되는 증상은 다음과 같습니다. 복통 복부팽만 변비 및 설사 배변 습관의 변화 혈변(밝고 붉은 혈변  통증이 없음) 그러나 위의 증상이 있다고 반드시 대장 게실에 의한 것이라고 단정할 수는 없습니다. 2. 대장 게실염의 증상 게실증에 걸린 사람의 15% 정도에서 발생하는 게실염이 대장 게실증의 가장 흔한 합병증입니다. 대장 게실염에서는 다양한 증상이 나타납니다. 하복부에 급성 복통 주로 좌측 하복부에 압통과 반발압통 발열 오한 백혈구증가증 복부불편감 오심 구토 배변 습관의 변화 3. 대장 게실증의 합병증 게실염 천공 출혈 농양 누공 장폐색증 등 출처 : 질병관리본부  대한의학회
31,대장,궤양성대장염(궤양성 결장염) > 증상,궤양성대장염은 대개 약하게 점진적으로 발병하며  병원을 방문하기 전 수주에서 수개월 동안 증상을 호소합니다. 90% 이상의 환자에서 피가 섞인 대변을 호소하며 이것이 가장 흔한 증상입니다. 증상은 대장의 염증정도와 대장 내 질병의 침범범위에 따라 다양하게 호소하며  혈변 외에 주증상으로는 설사  대변 절박증  뒤무직  야간 설사  경련성 복통  배변 전의 좌 하복부 통증 및 불쾌감  발열  피로감  체중감소 등이 있습니다. 또한  대장 이외 증상으로 결절 홍반  괴저 농피염  구강 궤양이 있을 수 있으며 안질환이나 관절염  담관염이 생길 수도 있습니다. 묽은 변이 6주 이상 지속될 경우에는 감염성 설사 보다는 궤양성대장염을 의심해야 하며  대장 전체에 염증이 있거나 좌측 대장염의 경우에는 혈변을 동반한 만성 설사를 호소합니다. 증상이 좀 더 심한 경우에는 식욕부진  오심  구토  구역  발열  부종  전신 쇠약감 등이 발생할 수 있으며  직장에만 병변이 있을 경우에는 대개 직장 출혈  대변절박증  뒤무직 등의 증상만을 호소하며  가끔 변비증상을 호소하기도 합니다 . 출처 : 질병관리본부  대한의학회
32,천식,천식 > 증상,천식의 주요 증상들은 주로 기도의 염증과 점막의 부종으로 인한 기도의 수축으로 인해 발생합니다. 천식 환자와 비천식 환자 모두 알레르겐을 흡입하면 우리 몸의 체액성 면역계는 흡입된 알레르겐에 대해 항체를 생산합니다. 이 후에 천식 환자가 같은 알레르겐을 흡입할 경우  이 항체들이 이것을 인지하고  면역계를 활성화시켜 염증반응의 결과로 화학물질이 생산되고  이는 기도의 염증과 부종  기도의 수축을 야기하고 더 많은 점액이 방출되게 합니다. 이상의 과정에 의해 기관지가 좁아지면 그로 인해 다양한 천식의 증상들이 나타납니다. 1. 천식의 주요 증상들 1) 천명 숨을 들이쉬고 내쉴 때 “쌕쌕” 혹은 “휘이~휘이~” 하는 휘파람 같은 소리가 나는 것입니다. 심하지 않은 천명은 청진기로 청진해 보았을 때에만 느껴지지만  심한 천명은 본인이나 주변사람이 들을 수 있기도 합니다. 2) 기침 주로 한번 시작하면 그칠 줄 모르고 계속하기 때문에 발작적이라고 합니다. 또한 천식의 기침은 낮 보다는 밤에 심해지는 경향을 가지고 있습니다. 3) 흉부 압박 가슴을 조이는 듯한 느낌이나 답답한 느낌을 갖습니다. 이는 좁아진 기도로 인해 공기의 흐름이 여의치 않아 느끼게 되는 증상입니다. 4) 호흡곤란 빨대를 입에 물고 숨을 쉬는 것처럼 숨 쉬기가 매우 힘들어지기도 합니다. 경우에 따라서는 그 이상으로 힘들어 질 수도 있고  심할 경우에는 전혀 숨을 쉬지 못할 정도가 되어 의식을 잃고 응급실로 실려 올 수도 있습니다. 한편  천식의 호흡곤란은 숨을 들이쉴 때 보다 내 쉴 때가 더 힘이 드는 경우가 많습니다. 5) 가래 좁아진 기관지에 염증이 동반되어 점막 표면에 분비물이 많아지며 그것이 바깥으로 배출되는 것이 가래입니다. 가래는 좁아진 기관지를 막아서 기침을 발생시키며 호흡곤란이 더욱 심해지게 합니다. 2. 증상 발현 양상 이상의 주요 증상이 항상 명확하게 구별되어 나타나는 것은 아닙니다. 몇몇의 짧은 호흡과 폐의 죄임이 있는 천식 환자에서는 천명이 전혀 없으며  그들의 증상은 만성폐쇄성폐질환과 섞여있을 수 있습니다. 실제 이러한 증상들이 나타날 때는 여러가지 증상들이 한꺼번에 나타나기도 하는데 이런 경우를 ‘천식 발작’이라고 합니다. 처음에는 기도가 좁아져서 들리는 천명음이 나타나지만  증상이 더 악화되면 오히려 호흡음 소리가 급격히 감소하여 천명음이 안 들리는 경우도 있습니다. 3. 천식의 기타 증상들 빠른 호흡  호기의 지연  빠른 심박수  건성 수포음 등도 나타날 수 있습니다. 매우 심각한 천식 발작 동안에는 천식 환자는 산소부족으로 청색증이 오고  의식을 잃을 정도의 흉통을 경험할 수 있습니다. 의식을 잃기 직전에 팔다리의 무감각을 느끼거나 손바닥에 땀이 나는 것을 느낄 수도 있습니다. 일반적인 치료에도 반응하지 않는 심각한 천식 발작은 생명을 위협할 수 있으며 호흡정지와 사망에 이르게 할 수도 있습니다. 출처 : 질병관리본부  대한의학회
33,방광,방광요관역류(소아) > 증상 및 진단,1. 증상 방광요관 역류는 대개 요로 감염이 있는 아이의 진단 과정 중에 발견되는 경우가 대부분입니다. 역류 환아의 80%는 여아로 알려져 있고  진단 시 평균 연령은 만 2-3세경입니다. 이보다 많은 나이에게서는 배뇨이상이나 신부전  고혈압  또는 다른 요로계의 이상을 평가하는 과정 중에 발견이 되며  더 어린 나이에게서는 산전 초음파에서 발견된 >수두증을 평가하는 과정 중에 진단이 됩니다. 이 경우 80%가 남아이고  역류 정도가 높은 것으로 알려져 있습니다. 요로 감염에 의해 처음 발견되는 경우의 증상은 요로 감염의 증상  즉 발열  구토  설사 등의 비특이적인 증상이나 배뇨통  빈뇨  요지림 등의 배뇨 증상  옆구리 통증 등의 특이 증상이 나타날 수 있습니다. 역류성 신병증이 있는 경우 두통  고혈압 등으로 나타나기도 합니다. 2. 자연경과 요로 감염이 없으면 역류 자체는 신장의 손상을 일으키지 않는 경향이지만  요로 감염을 동반하는 높은 등급의 역류는 신우염 및 신장의 흉터를 남길 수 있는 위험이 있습니다. 이러한 신장의 흉터 즉 역류 신병증은 역류의 정도에 따라 증가됩니다. 반면 방광의 성장 및 성숙에 따라 역류가 자연 소실 또는 호전되기도 합니다. 1  2등급의 일차성 역류는 진단 당시 아이의 나이나 일측성 또는 양측성에 관계 없이 자연 소실률이 비슷하며  그 비율이 75-89%로 높습니다. 3  4등급에서는 25-41%에서 자연 소실이 되고  나이가 어릴수록  일측성인 경우 자연 소실률이 더 높습니다. 양측성 4등급 역류의 경우 일측성 4등급 역류보다 훨씬 자연 소실률이 낮습니다. 5등급 역류는 자연 소실이 거의 없습니다. 3. 진단 1) 배뇨성 방광요도 조영술 방광요관 역류의 진단은 배뇨성 방광요도 조영술에 의하며  역류의 유무 뿐 아니라 역류의 정도를 알 수 있습니다. 아이의 요도를 통해 방광에 관을 넣어 시행하는 검사로 아이에게는 불편한 검사일 수도 있지만 역류의 진단과 치료를 위해 꼭 필요한 검사입니다. 이러한 역류검사는 열을 동반한 요로감염이 진단된 아이나 산전초음파에서 수두증이 진단되었던 아이 중 역류가 의심되는 경우는 반드시 시행되어야 합니다. 또한  방광요관 역류가 있는 아이의 형제들도 방광요관 역류가 있을 가능성이 크기 때문에 요로감염이나 산전초음파의 이상이 없던 경우라도 역류검사를 시행해야 합니다. 2) 초음파 초음파 검사로만 방광요관 역류를 발견하기는 쉽지 않습니다. 그러나  산전 초음파 검사에서 발견되는 수신증의 10-40%에서 원발성 방광요관 역류가 발견되며  다른 요로계 기형을 발견하게 되는 경우에도 방광요관 역류가 동반되어 있을 가능성이 커지게 되므로  초음파 검사는 역류의 선별 검사에서 중요한 역할을 하게 됩니다. 3) 핵의학적 검사 (1) 동위원소 배뇨성 방광요도 조영술 동위원소를 이용하여 방광요도 조영술을 시행하는 검사로 검사 방법은 조영제를 이용하는 배뇨성 방광요도 조영술과 같지만 민감도가 높아 역류의 존재 유무를 파악하는데 용이하고  방사선량이 적다는 장점을 가지고 있습니다. 단점은 역류를 가지는 환아의 경우  역류의 정도를 파악하기가 힘들어 치료의 방향을 결정하기에 모호할 수 있습니다. 역류 환아의 가족 선별 검사나 환아의 추적 검사시 조영제 방광요도 조영술을 대체해서 사용될 수 있습니다. (2) DMSA 신 스캔 방광요관 역류를 진단하는 검사는 아니지만  요로감염 아이의 급성기는 급성 신우신염을 진단하고  치료 3~6개월 후 신장의 흉터를 진단하는데 가장 예민한 검사입니다. 임상적으로 급성 신우신염의 소견을 보이거나  신장의 흉터 소견을 보이는 경우 신장 내 압력을 증가시키는 방광요관 역류를 포함하는 요로계 기형을 가지는 경우가 많기 때문에 역류 검사를 결정하는데 중요한 소견이 됩니다. 정상 신장 소견 :정상정인 신장은 핵의학 사진에서 마치 강낭콩 모양처럼 예쁘게 동위원소가 섭취되어 그려집니다. 급성 신우신염 : 요로 감염 급성기에 촬영한 신장 스캔 사진에서는 콩팥이 마치 부분 부분 좀 파먹은 듯 동위원소 섭취가 되지 않는 부위들이 보이며  이런 부위들이 요로 감염으로 신장 손상을 받은 부위라 할 수 있겠습니다. 신반흔 (신장의 흉터) : 요로 감염을 앓은 후 3~6개월 후 촬영한 사진으로 오른쪽 콩팥이 전반적으로 동위원소 섭취가 떨어져 있고 왼쪽 콩팥과 다르게 형태가 일그러져 있습니다. 신위축 및 신반흔 : 왼쪽 신장이 매우 작아져 형태를 겨우 알 수 있을 정도로 위축이 되어 있으며  이런 경우는 대개 역류로 인한 신장의 손상이 엄마 뱃속에서부터 진행이 되어 신장 발달이 제대로 되지 않은 경우로 볼 수 있습니다. 출처 : 질병관리본부  대한의학회
34,녹내장,녹내장 > 증상,녹내장은 정상안압녹내장(normal tension glaucoma)을 포함한 원발개방각녹내장(primary open-angle glaucoma)과 폐쇄각녹내장(Angle closure glaucoma) 및 어떤 원인에 의해 2차적으로 발생하는 속발(성) 녹내장과 선천적으로 발생하는 선천녹내장으로 나눌 수 있습니다. 그 중 녹내장의 대다수를 차지하는 원발개방각녹내장과 정상안압녹내장은 만성적으로 서서히 시신경이 손상됩니다. 그에 따라 시야 손상이 진행되는데 주변시야의 손상이 먼저 오고 중심시력은 말기까지 보존되는 경우가 많습니다. 그래서 초기에는 거의 자각증상(환자 자신이 느끼는 병의 증상)이 없다가 병이 어느 정도 진행되고 심하면 말기에 가서 자각증상을 호소합니다. 그래서 원발개방각녹내장은 증상으로 조기에 발견하기 쉽지 않습니다. 원방개방 녹내장은 양쪽 눈에 발생하는 경우가 많습니다. 양쪽 눈의 시신경 손상 정도는 차이가 있는 경우가 많아서  상대적으로 건강한 눈의 시 기능으로 인해 손상이 심한 눈의 증상을 느끼지 못하는 경우도 많습니다. 한쪽 눈으로 작업을 하거나 예민한 사람의 경우 드물게 암점을 발견하는 경우도 있습니다. 또한 이른 아침이나 밤늦게 한쪽 눈 또는 양쪽 눈의 안압이 상승하여 일시적으로 시력이 저하하고 두통이나 안통(눈통증) 등을 호소하는 경우도 있습니다. 시신경손상이 진행 된 경우  시야가 매우 좁아져서 주변의 사물과 돌발 상황에 대한 대처 능력이 부족해집니다. 계단을 헛디뎌 넘어지거나 낮은 문턱 또는 간판에 머리를 부딪치는 등의 증상이 나타나기도 합니다. 또  운전 중 표지판이나 신호등이 잘 보이지 않는 증상을 호소하기도 합니다. 우연히 녹내장이 발견된 환자의 경우 진단된 순간부터 증상을 스스로 느끼기도 합니다. 폐쇄각녹내장은 만성적인 경우 간헐적인 안압손상에 의한 일시적 시력저하 및 안통과 두통 동반합니다. 그러나 원발개방각녹내장과 같이 말기까지 증상이 나타나지 않는 경우도 있습니다. 하지만 급성폐쇄각녹내장의 경우엔 뚜렷한 증상이 나타납니다. 안압의 급격한 과다상승으로 인해 심한 안통 및 두통과 함께 시력저하가 발생합니다. 이때의 통증은 진통제를 사용해도 낫지 않습니다. 오심  구토 등이 있을 수 있으며 불빛을 보면 주변에 달무리가 나타나고 심한 충혈이 동반됩니다. 이러한 급성폐쇄각녹내장은 스트레스를 많이 받고  몸이 피로하거나 감기 등의 전신질환이 있을 때 발생합니다. 또는 극장에서 영화감상을 하거나 어두운 조명하에서 장시간 눈을 사용하고 책을 매우 집중해서 보거나 장시간 동안 머리를 아래로 한 채 근거리 작업을 할 경우에 유발할 수 있습니다. 드물게 나타나는 선천녹내장>의 경우 아이가 증상을 호소할 수 없어 보호자의 관찰에 의해 이상을 발견합니다. 눈물흘림이나 눈부심  안검연축 등을 볼 수 있으며 각막확장  각막혼탁 등의 증상도 나타납니다. 속발(성) 녹내장의 경우 원인에 따라 그 증상이 각각 다르게 나타납니다. 포도막염에 의한 경우는 염증에 의한 충혈  안통  시력저하가 나타날 수 있지만  염증이 심하지 않은 경우엔 안압이 40~60mmHg까지 상승해도 약간의 시력저하나 눈부심 외에 별다른 증상을 느끼지 못합니다. 백내장이 원인인 경우는 급성 녹내장에서 나타나는 여러 증상이 나타날 수 있습니다. 스테로이드 등의 안약을 과도하게 사용하여 나타나는 녹내장의 경우엔 안압 상승에 의한 시력저하 등이 있을 수도 있지만  원발개방각녹내장 같이 말기까지 증상이 나타나지 않을 수도 있습니다. 출처 : 질병관리본부  대한의학회
35,외이,외이도염 > 증상,가장 특징적인 증상은 통증으로 귓바퀴를 당기면 심해집니다. 그 외에 가렵거나 이충만감이 있을 수 있고  귀가 잘 안 들릴 수도 있습니다. 귀가 잘 들리지 않는 것은 청신경의 손상이 아니라 대개 부종이나 분비물로 외이도가 막혀서 생기는 일시적 현상으로 외이도염의 치료 후에는 정상적으로 회복될 수 있습니다. 구체적으로 외이도염은 염증 전기  급성 염증기  만성 염증기로 분류됩니다. 염증 전기에는 방어기전의 손상으로 염증이 시작되는 시기로 외이도 피부층의 부종이 오고 소양감이나 이충만감이 생깁니다. 본격적으로 급성 염증기에 접어들면 통증이 시작되고 정도에 따라 삼출성 이루나 화농성 이루가 나옵니다. 외이도는 부종이 심해지고 발적되며 심하면 그로인해 외이도가 완전히 막히게 됩니다. 경우에 따라서 염증이 주변 조직으로 퍼지면 주변부의 통증이나 경부 림프절이 커지기도 합니다. 만성 염증기는 4주 이상 염증이 지속되는 것으로 외이도 피부가 두꺼워져 외이도 내경이 좁아집니다. 출처 : 질병관리본부  대한의학회
36,치매,치매 > 증상,1. 알츠하이머병의 주요 증상 1) 전형적인 알츠하이머병의 증상 알츠하이머병 환자는 다양한 영역에서 인지 기능 장애를 보입니다. 증상은 서서히 시작되고 진행하기 때문에 정확히 언제부터 증상이 시작되었는지  일상생활의 장애는 언제부터 있었는지 그 시점을 정확하게 말하기 힘듭니다. (1) 인지 기능 장애 기억장애는 가장 처음에  그리고 가장 흔하게 나타나는 증상입니다. 초기에는 사람이나 사물의 이름을 잘 기억하지 못하거나  최근에 나누었던 대화의 내용이나 최근에 있었던 일의 내용을 자세히 기억하지 못하는 등 기억장애가 시작됩니다. 이때 옛날 기억은 비교적 잘 유지됩니다. 그러다가 병이 진행되면서 옛날 기억도 점차 장애를 보입니다. 대화 중에 말하고자 하는 단어가 잘 생각이 나지 않거나 방금 전에 한 이야기를 기억하지 못하는 기억장애는 흔하게 나타나지만  일반적인 언어장애는 잘 나타나지 않습니다. 그러나 병이 진행됨에 따라 상대의 말을 잘 이해하지 못하고 말수가 줄어들게 되며  결국에는 말을 전혀 하지 못하게 되기도 합니다. 공간지각장애도 발생합니다. 엉뚱한 곳에 물건을 놓아두거나  놓아둔 물건을 찾지 못합니다. 또  잘 알던 길에서 길을 잃거나 오랫동안 살아온 집을 못 찾기도 합니다. 그리고 복잡한 그림을 따라 그리지 못하고  운전도 할 수 없게 됩니다. 계산장애와 실행증  실인증은 흔하게 나타나는 증상입니다. 실행증으로 인해 평소에 사용하던 물건을 사용하지 못하거나 옷 입기 등의 기본적인 일상생활의 장애를 보입니다. 실인증은 알쯔하이머병의 중-후기부터 나타나는데  알고 지내던 사람들을 잘 알아보지 못하게 되고 심해지면 가족과 배우자도 알아보지 못하게 됩니다. (2) 전두엽 기능 장애 병이 진행되어서 뇌의 전두엽을 침범하게 되면 문제 해결  추상적 사고  결정 내리기가 힘들어 지고 판단력이 떨어집니다. 즉  여행  사교 모임  주식 투자  사업 같은 일들을 수행하기 힘들어집니다. 병의 초기에는 주로 기억 장애를 중심으로 하는 인지 기능 장애는 있고 전두엽의 기능 장애는 심하지 않기 때문에  사회활동이나 일상적인 생활은 그런대로 유지할 수 있다가 병이 진행되면서 인지 기능 장애가 더 심해지고 범위가 넓어져서 사회활동을 할 수 없게 됩니다. 더 진행하면 일상생활의 간단한 일조차도 혼자 해내기 힘들어집니다. 뇌의 구조 (3) 행동 심리적인 문제 행동 심리증상도 알츠하이머병의 매우 중요한 증상입니다. 알츠하이머 병의 주된 증상은 인지 기능 장애이지만  실제로 병원에 입원을 하게 되는 이유는 행동 심리 증상인 경우가 많습니다. 이 증상은 크게 이상 행동과 이상 심리 증상으로 나뉩니다. 이상 행동은 공격적으로 변하고 의미 없이 주변을 배회하고  부적절한 성적 행동을 하고 보호자를 쫓아다니거나 소리 지르기  악담  불면증  과식증 등의 증상을 보입니다. 이상 심리 증상은 불안  초조  우울증  환각  망상 등의 증상을 보입니다. 초기 치매에서도 우울  낙담  무감동 등의 증상이 나타나지만  대부분의 증상은 중기 이후에 많이 나타납니다. 각각의 증상을 보면 무감동  무관심은 경증의 경우 10-15% 정도에서 나타나고  말기의 경우에는 50%에서 나타납니다. 우울증도 알츠하이머 환자에게 매우 흔히 나타나는 증상입니다. 그리고 망상은 알츠하이머병 환자의 40%에서 병의 과정 중에 경험하는 것으로 나타납니다. 망상의 증상은 주로 도둑이 들었다거나 누가 물건을 훔쳐가려 한다든지 배우자를 의심하는 형태가 흔하며  TV에 나오는 사람과 대화하려 하거나 거울에 비친 자신을 다른 사람으로 착각하고 말을 거는 등의 형태로도 나타납니다. 환각은 경증의 경우에는 5-10% 정도에서 나타나고  병이 진행되면 빈도가 증가하지만 망상처럼 흔하지는 않습니다. 알츠하이머병의 행동 심리적인 문제 중에서 초조  불안  배회  수면 장애  공격성 등은 가족과 간병인에게 큰 짐이 됩니다. 따라서 환자를 입원시키게 되는 중요한 심리 증상과 달리 행동 증상은 치매의 정도와 매우 밀접한 관련이 있습니다. 공격성의 증가는 20-50%의 환자에서 나타나며  여러 가지 문제를 유발할 수 있는 원인이 됩니다. 공격성을 미리 예측할 수 있는 인자는 정확히 알려져 있지는 않으며 우울과 낙담이 공격성과 관련이 있을 것이라는 연구결과가 있습니다. (4) 일상생활 능력의 손상 알츠하이머병 환자에서 나타나는 인지 기능 장애는 종국에는 환자들의 일상생활 수행 능력을 앗아갑니다. 중등도의 치매로 진행이 되면 시장보기  돈 관리하기  집안일 하기  음식 준비하기 등의 능력이 떨어지게 되고  중증으로 진행되면 용변 보기  옷 입기  목욕하기 등의 기본적 일상생활 수행 능력이 급격히 떨어집니다. 알츠하이머병이 진행됨에 따라 여러 가지 증상들이 더욱 악화되어 결국 대화가 불가능해지고 자신을 돌보기 힘든 상태가 됩니다. 치매 말기에 치매환자의 주요 사망원인으로는 흡인성 폐렴*  요로 감염  패혈증과 폐색전증이 있습니다. 2) 비전형적 알츠하이머병 비전형적인 알츠하이머병에는 다음과 같은 유형이 있습니다. (1) 시각형 알츠하이머병 질병 초기에 기억 장애 외에 시각장애가 두드러지는 경우 (2) 우뇌형 알츠하이머병 초기에 기억장애 외에 시공간 장애가 심한 경우 (3) 좌뇌형 알츠하이머병 언어장애가 두드러지는 경우 (4) 일차성 진행성 실행증 실행증이 심하게 나타나는 경우 (5) 전두엽성 알츠하이머병 발병 초기부터 기억력의 저하뿐 아니라 전두엽 기능의 저하가 두드러지게 나타난 경우 이러한 비전형적인 알츠하이머병 환자들은 치매 증상을 유발할 수 있는 다른 여러가지 퇴행성 뇌질환과 감별하기 어렵습니다. 2. 알츠하이머병의 경과 1) 임상 경과에 영향을 줄 수 있는 요인 알츠하이머병의 진행에 영향을 줄 수 있는 요인은 다양합니다. 일반적으로 성별과 교육정도가 경과에 영향을 주는 요인이라고 알려져 있습니다. 또 발병시기가 이를수록 악화 속도가 빠르다고 합니다. 알츠하이머 병 환자에서 경직 등과 같은 파킨슨 증상이 나타날 수 있는데 이러한 파킨슨 증상이 발생한 경우에는 악화 속도가 더 빠른 것으로 알려져 있습니다. 알츠하이머병에 동반된 여러 행동 심리 증상도 인지기능의 악화 속도에 영향을 주는데  특히 정신 이상 증상이 있을 때에 알츠하이머병의 악화 속도가 더 빠르다고 알려져 있습니다. 이외에도 심혈관 질환  알코올 남용  체중 감소  요양기관 입원  발병 초기의 언어능력 상실 정도  전두엽 기능 장애 등도 증상을 나쁘게 하는 요인으로 알려져 있습니다. 아포 지단백(apolipoprotien) E4 유전 형질은 알츠하이머병의 발병률을 높일 뿐 아니라 병의 발병 시기에도 영향을 줄 것으로 생각이 되지만  일부에서는 밀접한 관계가 없다는 의견도 있습니다. 비스테로이드성 소염제의 영향은 아직 확실하지 않습니다. 210명의 알츠하이머병 환자를 대상으로 한 이전의 연구에서는 비스테로이드성 소염제를 복용한 군에서 인지 기능 저하가 느리다는 하였으나  최근의 다른 연구에 의하면 큰 효과가 없다는 결과도 있었습니다. 또 여성호르몬 보충 요법에 관해서도 인지기능을 호전시킨다는 연구 결과가 있었지만  최근의 결과는 효과를 입증하지 못하였고  오히려 치매의 유병률이 높아진다고 보고하였습니다. 2) 장기 요양 기관 이용에 관한 예측인자 알츠하이머병이 발병하고부터 장기 요양기관 입원이 필요하게 되기까지의 기간은 가족들에게 매우 중요한 관심사이지만 실제로 예측하기는 어렵습니다. 초조  배회  공격성 등과 같은 이상 행동은 환자를 입원시키게 되는 중요한 이유이고  그 밖에도 사회 복지 환경  경제적 사정 역시 환자가 입원을 하는데 영향을 줍니다. (1) 알츠하이머병 환자의 장기 요양기관 이용 예측인자에 관한 연구결과 Knopman 등의 연구 결과에 따르면  경증 알츠하이머병 환자의 12%가 1년 후에 전문 요양시설(너싱홈)을 이용하게 되고  35%는 2년 후에 이용하게 된다고 합니다. 중증 알츠하이머병 환자의 경우에는 1년 후에 39%  2년 후에 62%가 전문 요양시설을 이용하게 된다고 합니다. 주된 입원 사유는 대소변 실금  초조감  보행 장애  배회  과행동증  야간 행동 장애 등입니다. 또 다른 연구에 따르면 알츠하이머병으로 진단된 이후 전문 요양 기관에 입원하게 되기까지의 기간은 평균 3.1년이었고  독신환자의 경우는 2.1년으로 더 짧았다고 합니다. 결혼 여부도 요양 기관 입원까지의 기간에 영향을 주는 것으로 나타났습니다. (2) 증상 발현 이후의 기대 여명 알츠하이머병 증상이 나타난 이후의 생존 기간에 관한 연구 결과 역시 다양합니다. 보고에 따라 2-20년에 이르고 평균 생존 기간은 10.3년 정도이나  임상적으로 관찰되는 수명은 이보다 짧다는 의견도 있습니다. 생존 기간을 짧게 하는 요인들은 영양 결핍  탈수  감염 등이 있습니다. 환자의 나이  성별  질병의 중증도도 영향을 줍니다. 나이가 많을수록  남자 환자가 더 생존기간이 짧다고 하며  생존기간과 인지 기능의 감소 속도도 밀접한 연관이 있습니다. 그 밖에도 교육 정도  동반 질환  아포지단백의 유전형  이상행동 및 심리 증상  체중 등도 연관이 있을 것으로 생각이 되나 확실하지는 않습니다. 일반적인 노인군과 비교하였을 때 알츠하이머병 환자들은 암과 뇌졸중  심혈관계 질환의 발생률은 오히려 낮다고 알려져 있습니다. 출처 : 질병관리본부  대한의학회
37,치매,치매환자의 가족을 위한 정보 > 증상,다음 10가지 경고증상이 있으면 치매를 의심해 봐야 합니다. 치매가 의심이 될 때는 미루지 말고 신경과 또는 정신과 의사를 찾아가 상의하여야 합니다. 직업이나 일상생활에 영향을 초래할 정도로 최근 일에 대한 기억력 상실이 있다. 언어사용이 어려워졌다. 시간과 장소를 혼동한다. 판단력이 저하되어 그릇된 판단을 자주한다. 익숙한 일을 처리하는데 어려움이 있다. 돈 계산에 문제가 생겼다. 물건 간수를 잘 못한다. 기분이나 행동에 변화가 왔다. 성격의 변화가 있다. 자발성이 감소되었다. 치매의 가장 많은 원인인 알츠하이머병과 혈관성 치매의 특징적인 증상은 살펴보겠습니다. 1. 알츠하이머병의 증상 1) 초기 단계 가족이나 동료들이 환자의 문제를 알아차리기 시작하나  아직은 혼자서 지낼 수 있는 수준입니다. 초기 단계에 환자가 보이는 증상은 다음과 같습니다. 조금 전에 했던 말이나 질문을 되풀이한다. 예전과 달리 날짜나 시간을 잘 모른다. 의욕이 없고 매사를 귀찮아한다. ‘누가 돈을 훔쳐갔다’  ‘부인이 바람을 핀다’는 등의 의심을 보인다. 2) 중기 단계 치매임을 쉽게 알 수 있는 단계로  어느 정도의 도움 없이는 혼자 지낼 수 없는 수준입니다. 중기 단계에 환자가 보이는 증상은 다음과 같습니다. 엉뚱한 대답을 하거나  언어표현이 어려워 말수가 준다. 늘 다니던 익숙한 곳에서 길을 잃어버린다. 예전에는 해결 가능했던 문제를 혼자 해결 할 수 없고  가재도구를 다루지 못한다. 의심  배회  난폭행동  반복행동 등이 나타난다. 3) 말기 단계 인지기능이 현저히 저하되고 신체적 합병증이 동반되어 독립적인 생활이 거의 불가능한 수준입니다. 말기 단계에 환자가 보이는 증상은 다음과 같습니다. 자신이 누구인지  어디서 태어났는지도 기억하지 못한다. 의미있는 판단을 내릴 수 없고  간단한 지시도 따르지 못한다. 각종 정신행동증상들이 나타난다. 근육이 굳어지고 보행 장애가 나타난다. 대소변 실금  욕창  폐렴  요도감염  낙상 등으로 모든 기능을 잃고 누워 지낸다. 2. 혈관성 치매의 증상 인지장애가 갑자기 발생하였다. 인지장애가 때에 따라 변한다. 발음장애가 있다. 물을 마시거나 음식을 먹을 때 사래가 자주 들린다. 신경질적이고 화를 잘 내는 등의 성격변화와 충동적인 행동이 많다. 얼굴표정이 감소되어 있다. 말수가 줄었다. 하루 종일 잠만 자려 한다. 만사를 귀찮아하고  게을러졌다. 출처 : 질병관리본부  대한의학회
38,궤양,위십이지장 궤양 > 증상,소화성 궤양의 증상은 환자마다 개인차가 심하고  전형적인 궤양의 증상 없이 비특이적인 복부불편감이나 소화불량을 호소하거나  심지어 전혀 증상이 없는 경우도 많이 관찰됩니다. 또한 합병증의 유무에 따라 그 증상이 매우 다양하게 나타나며  다른 위장 질환에 나타날 수 있는 증상과 흡사한 경우가 많아 증상만 가지고 소화성 궤양을 진단하기는 어렵습니다. 더욱이 우리나라와 일본은 서구에 비하여 위암이 훨씬 호발하기에 과거에 없던 증상이 발생한 경우 위내시경 검사를 통해 반드시 확진을 하여야 합니다. 1. 고전적인 소화성 궤양증상 1) 십이지장 궤양 십이지장궤양의 특징적인 증상은 공복시 타는 듯한 심와부의 동통 또는 불편감이며  환자의 60% 내지 80%에서 발생합니다. 산이 계속 분비되는 식후 2-3시간 후  또는 산의 분비가 제일 많은 밤 11시에서 새벽 2시 사이의 야간에 증상이 심해져서 잠을 깨는 경우가 많고  음식을 먹거나 제산제를 복용하면 증상이 쉽게 사라지는 특징을 갖고 있는데  매우 심한 증상은 대개의 경우 일시적이며  병발되는 복부불편감이 30분에서 2시간 정도 지속됩니다. 심장질환  식도질환  췌장질환  담도질환 그리고 다른 장질환도 심와부 동통을 일으키므로 이들 질환과 감별해야 하는데 십이지장 궤양의 통증은 위에서 말한 특징을 가지며  대개 타는 듯하고  쪼아내는 듯하며  심한 공복감을 느끼지만  심장질환의 경우 통증이 운동으로 인해 유발되며  통증의 강도가 훨씬 심하게 나타날 수 있으니 주의해야 합니다. 2) 위궤양 위궤양과 십이지장 궤양 사이에 특징적인 증상의 차이점은 없습니다. 다만 음식물에 의해 통증이 완화되는 양상은 십이지장 궤양이 있을 때 더 자주 관찰되며  위궤양의 경우에 통증이 십이지장 궤양보다는 덜합니다. 통증의 주기적 리듬도 십이지장 궤양에서 보다 흔하게 나타나며  반면에 체중감소  오심  구토  조기포만감은 위궤양에서 더 흔하게 관찰됩니다. 3) 궤양 증상과 궤양 유무의 연관성 특징적인 증상과 궤양의 유무 사이에 관련성은 높지 않은 편입니다. 즉  궤양의 치유가 증상의 소실을 반드시 보장하지는 않으며  증상이 전혀 없는 환자에서도 궤양이 존재하는데  특히 노인들이나 비스테로이드성 항염증제(NSAID)를 복용하는 환자들에서는 증상이 전혀 없이도 궤양에 의한 합병증이 발생할 수 있습니다. 내시경으로 궤양이 치유된 환자의 약 40%에서 여전히 증상을 호소하고  증상이 없는 환자의 15% 내지 44%에서 내시경으로 궤양을 확인할 수 있습니다. 따라서 증상의 소실이 궤양의 치유는 아니며  증상이 계속 있다고 궤양이 존재한다고도 볼 수 없어 필요하면 반드시 위내시경으로 확인할 필요가 있습니다. 또한 심한 통증으로 야간에 잠을 깨는 증상이 십이지장 궤양 환자의 2/3에서  그리고 위궤양 환자의 1/3에서 관찰되지만  이러한 궤양이 없는 비궤양성 소화불량증 환자의 약 1/3에서도 관찰되는 바  증상만으로 궤양을 진단하기는 매우 어렵다 하겠습니다. 4) 통증의 정도 궤양의 위치  크기  통증에 대한 감수성  장막의 침범 및 합병증의 유무에 따라서 통증의 정도에 차이가 납니다. 같은 크기의 궤양이라면 위체부의 궤양이 위분문부(식도에 가까운 위 상부) 또는 유문부(십이지장으로 넘어가는 위아래 부분)의 궤양에서보다 증상이 덜한 경향이 있습니다. 특히 위유문부의 궤양에서는 십이지장 궤양과 유사하게 증상이 심하며  오심이나 구토 또는 체중감소 등의 증상을 동반하기도 합니다. 일반적으로 궤양의 크기가 큰 경우  위를 싸고 있는 장간막을 뚫고 췌장과 같은 주위조직으로 침범하여 매우 심한 통증을 유발하게 되며  등 뒤로 통증이 전이되기도 합니다. 하지만 통증에 대한 감수성은 환자의 성격이나 시기에 따라 차이가 많기 때문에 일률적으로 말하기 어렵습니다. 또한 궤양이 장간막까지 진행되면 통증이 심해지다가  장천공시에는 지속적으로 심한 통증을 호소하나  궤양의 합병증으로 출혈이 생기면 오히려 통증이 소실되는 경향이 있습니다. 5) 통증의 위치 명치끝에서 배꼽 사이의 2-10cm 부위에서 통증을 느끼는 경우가 많은데  약간 좌측으로 치우친 감이 있습니다. 많은 환자에서 통증의 위치를 정확하게 표현하지 못하는데  그 이유는 궤양통은 내장의 통증으로서 복막이나 피부에 분포하는 신경과 다르게 분포하며 성격이 모호하기 때문입니다. 궤양의 정도가 경미한 경우에는 약 90%에서 정확한 위치를 느끼지 못하고 상복부 주위로 막연하게 느끼는 경우가 많으며  비교적 큰 궤양 환자에서는 50% 정도에서 일정하게 국한된 부위의 통증을 느낍니다. 십이지장 궤양에 비해서 위궤양의 경우에는 통증의 정도가 약하면서 위치 또한 불분명한 경향이 있으나  천공과 같은 합병증이 발생되면 90% 이상에서 상복부에 국한된 통증이 나타납니다. 간혹 명치의 앞쪽  가운데 흉부의 통증을 호소하기도 하여 협심증 또는 역류성 식도염과의 감별이 필요하기도 하는데 십이지장 후구부에서 궤양이 발생할 경우 배꼽 주위에서 통증이 유발될 수 있습니다. 궤양이 진행되어 장간막 내지는 주위조직으로 침범되면  초기에 심와부에 국한되던 통증이 등 뒤로 전이되므로 심와부 이외의 부위  특히 등 뒤나 양측 옆구리로 통증이 전이되면 합병증의 유무를 꼭 확인하여야 하겠습니다. 6) 주기적인 리듬 소화성 궤양의 특징적인 소견 중의 하나는 음식섭취 및 위배출에 따라서 통증이 나타났다가 저절로 소실되는 등의 주기적인 리듬을 갖는다는 것입니다. 즉  위궤양 환자의 전형적인 통증의 리듬은 음식을 섭취하면 잠시 동안 통증 없이 편하다가 이후 30분 내지 1시간 정도 통증이 지속되고  음식물이 위로부터 십이지장 내로 배출되면 통증이 소실된다는 것입니다. 이에 비해 십이지장 궤양 환자는 음식 섭취 후 1시간 30분 내지 4시간 동안 편안하다가 이후 통증이 시작되어 다음 음식을 먹을 때까지 통증이 지속되는 특징을 지닙니다. 통증의 주기적인 리듬은 환자의 상태에 따라 변화가 많으며  위궤양보다는 십이지장 궤양에서 더 흔히 관찰됩니다. 또한 위궤양 환자의 약 20%  십이지장 궤양 환자의 10-40%에서는 음식 섭취 후 오히려 통증이 증가되기도 합니다. 전형적인 음식섭취에 따른 주기적인 궤양통이 변화되면 합병증이 발생하였을 가능성을 생각하여야 하는데  예를 들면 유문부 협착이 생겼을 때에는 궤양통이 소실되며  장간막으로 궤양이 진행되고  천공이 되면 주기적인 통증이 아니고 계속해서 심하게 통증을 느끼게 되는 양상을 띱니다. 2. 소화성 궤양의 기타 증상 1) 오심 및 구토 합병증을 동반하지 않은 위궤양 환자에서는 오심 및 구토를 호소하는 환자가 많지 않으나  음주를 하거나 음식에 따라서 궤양통 없이도 오심 및 구토만 나타날 수 있습니다. 활동기 궤양 초기에 주로 구토가 생기며  유문부와 위전정부의 궤양에서 구토증상이 잘 나타납니다. 유문부의 협착이 없다 하더라도 위하부  십이지장 근처에 생긴 궤양으로 부종과 근육의 강직이 심한 경우에 궤양통과 함께 오심과 구토가 생길 수 있으며  위액분비가 많은 환자에서는 주로 밤에 구토가 일어나서 잠을 깨는 경우가 있습니다. 2) 공복감과 식욕감퇴 십이지장 궤양 환자의 20%에서는 공복감으로 식욕이 증가하는 경우가 있으나  약 1/3에서는 식욕이 감퇴되며  위궤양 환자에서는 반수 정도가 식욕감퇴를 호소합니다. 양성 위궤양으로 확진된 환자에서 유문부 협착증이 발생하면 식욕이 좋다가 점차 떨어지는 경향이 있고  위암의 경우 식욕감퇴가 현저하므로 유난히 식욕이 떨어지는 환자에서는 감별진단이 필요하다 하겠습니다. 3) 소화불량 합병증을 동반하지 않고 비교적 정도가 심하지 않은 위궤양 환자에서는 심한 소화불량증세를 호소하지 않지만 상복부 불쾌감  상복부 압박감  더부룩한 느낌  명치 밑에 뭔가 매달리는 듯한 증상  트림 등의 가벼운 소화불량증세는 비교적 많은 환자에서 볼 수 있습니다. 과민성 장증후군의 양상을 동반하는 수가 많으므로 변비와 설사 등의 대장증세가 동반되기도 하며  가슴앓이 증상이 십이지장 궤양 환자의 20% 내지 60%에서 발생되는데  위산의 증가와 위산에 대한 내장 감작 (sensitization)이 관련되는 것으로 생각됩니다. 4) 체중감소와 같은 전신증상 대부분의 소화성궤양 환자에서는 체중감소가 일어나지 않지만 장기간 구역질과 구토가 있거나  출혈 및 유문부 협착과 같은 합병증이 생기고  음식을 먹으면 불편한 증세가 나타나거나 거북하여 음식섭취를 줄이면 체중이 감소하게 됩니다. 취침시에 통증으로 숙면을 하지 못하고 자주 깨는 경우에 신경이 날카로워지고 식욕이 떨어지며  체중이 감소할 수 있겠습니다. 3. 궤양 합병증의 증상 비스테로이드성 항염증제 사용의 경우는 다소 다르지만 합병증은 만성 소화성 궤양 자체와 관계되고  합병증이 일어난 경우 증상이 갑작스럽게 변화하는 경우가 대부분입니다. 침투성(penetrating) 궤양으로 발전한 경우에는 모호한 내장 통증에서 좀 더 국소적이고 심한 통증이 등으로 방사되고  음식물이나 제산제에 의해 통증이 완화되지 않으며  통증의 주기적 리듬이 소실됩니다. 심한 통증이 배 전체로 퍼지면 천공성 궤양을 의심할 수 있고  유문부 폐쇄의 대부분의 경우에서 구토가 나타나며  출혈은 오심  토혈  흑색변 또는 어지러움 등의 증상으로 나타납니다. 4. 무증상 궤양 노인이나 비스테로이드성 항염증제 복용자들에서는 전혀 증상 없이 궤양이 발생할 수 있으며  특히 진통소염제 사용에 의해 출혈이나 천공 등의 합병증이 발생한 환자 중에서 약 반 정도가 전혀 증상이 없습니다. 십이지장보다는 위에서 무증상 궤양이 더 흔하며  위체부나 위저부의 궤양에서 자주 나타납니다. 유지요법으로 치료를 할 경우 어느 정도 무증상 궤양의 빈도를 감소시킬 수 있으며  증상이 있거나 합병증이 동반되는 궤양으로 진행하는 것도 억제할 수 있어 진통소염제 사용이 불가피할 경우 유지요법을 적극적으로 지속할 필요가 있습니다. 출처 : 질병관리본부  대한의학회
39,궤양,궤양성대장염(궤양성 결장염) > 증상,궤양성대장염은 대개 약하게 점진적으로 발병하며  병원을 방문하기 전 수주에서 수개월 동안 증상을 호소합니다. 90% 이상의 환자에서 피가 섞인 대변을 호소하며 이것이 가장 흔한 증상입니다. 증상은 대장의 염증정도와 대장 내 질병의 침범범위에 따라 다양하게 호소하며  혈변 외에 주증상으로는 설사  대변 절박증  뒤무직  야간 설사  경련성 복통  배변 전의 좌 하복부 통증 및 불쾌감  발열  피로감  체중감소 등이 있습니다. 또한  대장 이외 증상으로 결절 홍반  괴저 농피염  구강 궤양이 있을 수 있으며 안질환이나 관절염  담관염이 생길 수도 있습니다. 묽은 변이 6주 이상 지속될 경우에는 감염성 설사 보다는 궤양성대장염을 의심해야 하며  대장 전체에 염증이 있거나 좌측 대장염의 경우에는 혈변을 동반한 만성 설사를 호소합니다. 증상이 좀 더 심한 경우에는 식욕부진  오심  구토  구역  발열  부종  전신 쇠약감 등이 발생할 수 있으며  직장에만 병변이 있을 경우에는 대개 직장 출혈  대변절박증  뒤무직 등의 증상만을 호소하며  가끔 변비증상을 호소하기도 합니다 . 출처 : 질병관리본부  대한의학회
40,부비동염,부비동염(비부비동염) > 증상,비부비동염의 증상은 일반적으로 급성과 만성의 경우로 구분됩니다. 급성 비부비동염은 주로 발열증상이 심하고  만성 비부비동염은 피로감  집중력 저하와 같은 비특이적 증상이 많습니다. 1. 급성 비부비동염 급성비부비동염의 주요 증상은 코막힘  콧물  후(後)비루  기침  부비동 부위의 통증과 압통  발열  권태감 등이 있습니다. 이때의 기침은 후비루가 중력에 의해 목구멍과 기관지 쪽으로 떨어지면서 기관지를 자극해 생기는 경우가 많습니다. 증상이 심한 경우 부비동에서 끈끈한 화농성의 분비물이 나오고  윗니 부위의 치통이나 안면부(얼굴)의 심한 통증과 국소 열감이 생기며 그 부위를 눌렀을 때 심한 통증을 호소합니다. 이 경우 급성 세균성 비부비동염을 의심할 수 있습니다. 임상증상만으로 세균성과 바이러스성 비부비동염을 정확히 구별할 수는 없으나  바이러스성 비부비동염은 합병증이 없을 경우 완전 자연치유되는 반면  세균성 비부비동염은 적절한 치료를 받지 못할 때에는 치명적인 합병증이나  만성 비부비동염으로 진행할 수 있으므로  비부비동염을 의심할 수 있는 증상이 발생할 때는 반드시 의사의 진료를 받아야 합니다. 2. 만성 비부비동염 만성 비부비동염의 경우에는 코막힘  점액성 혹은 점액농성 콧물  후비루  기침과 함께 안면통  치통  이통이나 귀가 먹먹한 느낌이 동반됩니다. 간혹 두통  후각이나 미각의 저하가 생기기도 합니다. 기타 부수적인 증상으로 피곤함  집중력 저하 등이 동반 될 수 있으나  발열 등의 증상은 급성 비부비동염에 비해 적은 편입니다. 출처 : 질병관리본부  대한의학회
41,우울증,우울증 > 증상,1. 주요 증상 지속적인 우울감 의욕 저하  흥미의 저하 불면증 등 수면장애 식욕 저하 또는 식욕증가와 관련된 체중변화 주의집중력 저하 자살에 대한 반복적인 생각  자살시도 부정적 사고  무가치감  지나친 죄책감 일상생활 기능의 저하  학업능력저하  휴학  생산성 저하  가족 갈등  이혼 등 우울증에 걸리면 이전에 스트레스를 극복할 때 사용하던 방법들 예를 들어 영화를 보거나 친구를 만나도 즐겁지 않게 되어 나는 이를 극복할 수 없을 것 같고 이러한 괴로움이 앞으로도 영원히 지속될 것처럼 느껴지게 됩니다. 2. 연령에 따른 우울증의 특징적 증상 우울증은 30-40대에 가장 흔하지만 어느 연령에서나 발병할 수 있는 질환입니다. 우울증의 기본 증상은 의욕 저하가 대표적이지만 연령과 성에 따라 독특하게 표현되기도 하므로 아래의 특징을 알아두는 것이 도움이 됩니다. 특히 우리나라에서는 감정을 표현하기보다는 감추는 것이 미덕으로 여겨져 우울증이 우울한 감정보다 신체적 증상으로 표현되는 경우가 많이 있습니다. 여성의 경우 산후 우울증  갱년기 우울증 등 특정 시기에 우울증의 위험이 높아 주의를 요합니다. 우울증의 결과가 때로 알코올 의존이나 남용으로 나타나는 경우를 이차성 알코올 의존이라고 합니다. 이 경우 우울증을 치료하면 알코올 문제도 호전될 수 있으므로 조기 발견이 중요합니다. 3. 병원을 방문해야 하는 경우 우울증의 증상이 2주 이상 지속되어 일상생활에 지장을 줄 경우에는 정신과 전문의와 상의하는 것이 좋습니다. 그러나 우울증이 심할 때 부정적인 생각이 지배하기 쉽고 이런 이유로 치료에 대한 기대도 부정적인 경우가 많습니다. 그렇게 때문에 가족  친구 등 보호자의 지지와 역할이 중요합니다. 병원을 방문할 경우 환자에 대해서 잘 아는 보호자가 함께 내원하여 의사에게 구체적인 정보를 제공하는 것도 많은 도움이 됩니다. 특히 자살사고 등 위험성이 있는 경우는 즉시 방문할 필요가 있습니다. 출처 : 질병관리본부  대한의학회
42,대상포진,대상포진 > 증상,1. 대상포진의 증상 통증 혹은 감각 이상이 수일간 지속되다가 선처럼 가늘고  줄을 이룬 모양의 발진이 발생하고 발진과 함께 혹은 며칠 후에 전형적인 물집(수포)이 피부에 발생합니다. 일부 환자들은 초기에 열이 나는 듯한 느낌과 전신의 쇠약감을 호소하기도 합니다. 발진은 붉은빛이 돌면서 피부에서 튀어나온 것 같은 모습으로 시작되지만  수일이 지나면 이 발진은 물집으로 변하여 흔히 가슴이나 등에 띠와 같은 모습으로 흩어져 있습니다. 일부에서는 물집이 고름물집(농포)으로 변하여 고름이 들어 있는 것 같은 병변을 보입니다. 대상포진이 이렇게 띠 모양을 이루는 것은 피부에 분포하는 신경세포의 배열이 띠 모양의 피부분절로 이루어져 있어 이 피부분절로을 따라서 대상포진이 발생하기 때문입니다. 수두와 같이 병변이 전신에 흩어져서 발생하는 것이 아니라 피부의 한쪽 부위에 띠 모양을 이루는 것은 대상포진의 중요한 특징입니다. 척추뼈와 척추신경 간혹 얼굴의 한 쪽에만 띠 모양으로 발진과 물집이 발생하기도 합니다. 이 물집은 대개 7∼10일이 지나게 되면 딱지가 앉게 됩니다. 딱지가 떨어져 나간 부분의 피부는 대개 일시적으로 색깔이 변하지만  대상포진을 심하게 앓은 경우는 이러한 피부의 변색이 지속되기도 합니다. 대상포진이 눈을 침범하게 되면 눈꺼풀이 부어오르며  눈이 충혈 되고 통증을 일으킵니다. 눈에 생긴 대상포진은 안구에 흉터를 남겨 시력에 장애를 초래할 수도 있으며 포도막염  각막염  녹내장 등을 초래하기도 합니다. 이러한 눈의 합병증들은 적절한 치료를 하지 않을 경우 시력을 잃게 만들 수도 있는 무서운 질환입니다. 눈에 대상포진이 발생한 경우는 즉시 안과의사와 상의하여 적절하게 치료하여야 합니다. 특히 코끝 측면에 수포가 발생한 경우 각막의 침범을 의심하여야 합니다. 2. 대상포진 후 발생하는 신경통 수 주일이 지나서 발진과 물집 그리고 딱지가 모두 떨어져 나간 후에 피부가 정상으로 되어도 발진과 물집이 발생하였던 자리에 통증은 계속 지속되는 경우가 있습니다. 대부분의 환자에게서 이러한 대상포진 후 신경통은 1∼3개월 후 없어지지만 드물게 더 오랫동안 지속되기도 합니다. 이 통증은 매우 심하여 실제로 의사를 찾게 되는 가장 흔한 원인이 됩니다. 출처 : 질병관리본부  대한의학회
